IE_XML_ID;IE_NAME;IE_CODE;IP_PROP91;IP_PROP90;IP_PROP71;IP_PROP72;IP_PROP73;IP_PROP74;IP_PROP352;IP_PROP332;IP_PROP346;IP_PROP331;CV_PRICE_1
3573;Стол производственный СП-С-6/6 (600х600х850);stol-proizvodstvennyj-sp-s-6-6-600x600x850;3572;heigh850width600depth600;850;600;600;ООО «АССУМ»;;;;;4 358
3574;Стол производственный СП-С-7/6 (700х600х850);stol-proizvodstvennyj-sp-s-7-6-700x600x850;3572;heigh850width600depth700;850;600;700;ООО «АССУМ»;;;;;4 589
3575;Стол производственный СП-С-8/6 (800х600х850);stol-proizvodstvennyj-sp-s-8-6-800x600x850;3572;heigh850width600depth800;850;600;800;ООО «АССУМ»;;;;;5 004
3576;Стол производственный СП-С-9/6 (900х600х850);stol-proizvodstvennyj-sp-s-9-6-900x600x850;3572;heigh850width600depth900;850;600;900;ООО «АССУМ»;;;;;5 285
3577;Стол производственный СП-С-10/6 (1000х600х850);stol-proizvodstvennyj-sp-s-10-6-1000x600x850;3572;heigh850width600depth1000;850;600;1000;ООО «АССУМ»;;;;;5 544
3578;Стол производственный СП-С-11/6 (1100х600х850);stol-proizvodstvennyj-sp-s-11-6-1100x600x850;3572;heigh850width600depth1100;850;600;1100;ООО «АССУМ»;;;;;5 874
3579;Стол производственный СП-С-12/6 (1200х600х850);stol-proizvodstvennyj-sp-s-12-6-1200x600x850;3572;heigh850width600depth1200;850;600;1200;ООО «АССУМ»;;;;;6 286
3580;Стол производственный СП-С-13/6 (1300х600х850);stol-proizvodstvennyj-sp-s-13-6-1300x600x850;3572;heigh850width600depth1300;850;600;1300;ООО «АССУМ»;;;;;6 676
3581;Стол производственный СП-С-14/6 (1400х600х850);stol-proizvodstvennyj-sp-s-14-6-1400x600x850;3572;heigh850width600depth1400;850;600;1400;ООО «АССУМ»;;;;;6 980
3582;Стол производственный СП-С-15/6 (1500х600х850);stol-proizvodstvennyj-sp-s-15-6-1500x600x850;3572;heigh850width600depth1500;850;600;1500;ООО «АССУМ»;;;;;7 215
3583;Стол производственный СП-С-16/6 (1600х600х850);stol-proizvodstvennyj-sp-s-16-6-1600x600x850;3572;heigh850width600depth1600;850;600;1600;ООО «АССУМ»;;;;;7 526
3584;Стол производственный СП-С-17/6 (1700х600х850);stol-proizvodstvennyj-sp-s-17-6-1700x600x850;3572;heigh850width600depth1700;850;600;1700;ООО «АССУМ»;;;;;7 947
3585;Стол производственный СП-С-18/6 (1800х600х850);stol-proizvodstvennyj-sp-s-18-6-1800x600x850;3572;heigh850width600depth1800;850;600;1800;ООО «АССУМ»;;;;;8 213
3586;Стол производственный СП-С-6/7 (600х700х850);stol-proizvodstvennyj-sp-s-6-7-600x700x850;3572;heigh850width700depth600;850;700;600;ООО «АССУМ»;;;;;4 599
3587;Стол производственный СП-С-7/7 (700х700х850);stol-proizvodstvennyj-sp-s-7-7-700x700x850;3572;heigh850width700depth700;850;700;700;ООО «АССУМ»;;;;;4 893
3588;Стол производственный СП-С-8/7 (800х700х850);stol-proizvodstvennyj-sp-s-8-7-800x700x850;3572;heigh850width700depth800;850;700;800;ООО «АССУМ»;;;;;5 354
3589;Стол производственный СП-С-9/7 (900х700х850);stol-proizvodstvennyj-sp-s-9-7-900x700x850;3572;heigh850width700depth900;850;700;900;ООО «АССУМ»;;;;;5 612
3590;Стол производственный СП-С-10/7 (1000х700х850);stol-proizvodstvennyj-sp-s-10-7-1000x700x850;3572;heigh850width700depth1000;850;700;1000;ООО «АССУМ»;;;;;5 995
3591;Стол производственный СП-С-11/7 (1100х700х850);stol-proizvodstvennyj-sp-s-11-7-1100x700x850;3572;heigh850width700depth1100;850;700;1100;ООО «АССУМ»;;;;;6 251
3592;Стол производственный СП-С-12/7 (1200х700х850);stol-proizvodstvennyj-sp-s-12-7-1200x700x850;3572;heigh850width700depth1200;850;700;1200;ООО «АССУМ»;;;;;6 706
3593;Стол производственный СП-С-13/7 (1300х700х850);stol-proizvodstvennyj-sp-s-13-7-1300x700x850;3572;heigh850width700depth1300;850;700;1300;ООО «АССУМ»;;;;;7 053
3594;Стол производственный СП-С-14/7 (1400х700х850);stol-proizvodstvennyj-sp-s-14-7-1400x700x850;3572;heigh850width700depth1400;850;700;1400;ООО «АССУМ»;;;;;7 577
3595;Стол производственный СП-С-15/7 (1500х700х850);stol-proizvodstvennyj-sp-s-15-7-1500x700x850;3572;heigh850width700depth1500;850;700;1500;ООО «АССУМ»;;;;;7 776
3596;Стол производственный СП-С-16/7 (1600х700х850);stol-proizvodstvennyj-sp-s-16-7-1600x700x850;3572;heigh850width700depth1600;850;700;1600;ООО «АССУМ»;;;;;8 168
3597;Стол производственный СП-С-17/7 (1700х700х850);stol-proizvodstvennyj-sp-s-17-7-1700x700x850;3572;heigh850width700depth1700;850;700;1700;ООО «АССУМ»;;;;;8 602
3598;Стол производственный СП-С-18/7 (1800х700х850);stol-proizvodstvennyj-sp-s-18-7-1800x700x850;3572;heigh850width700depth1800;850;700;1800;ООО «АССУМ»;;;;;8 858
3599;Стол производственный СП-С-6/8 (600х800х850);stol-proizvodstvennyj-sp-s-6-8-600x800x850;3572;heigh850width800depth600;850;800;600;ООО «АССУМ»;;;;;5 185
3600;Стол производственный СП-С-7/8 (700х800х850);stol-proizvodstvennyj-sp-s-7-8-700x800x850;3572;heigh850width800depth700;850;800;700;ООО «АССУМ»;;;;;5 530
3601;Стол производственный СП-С-8/8 (800х800х850);stol-proizvodstvennyj-sp-s-8-8-800x800x850;3572;heigh850width800depth800;850;800;800;ООО «АССУМ»;;;;;6 066
3602;Стол производственный СП-С-9/8 (900х800х850);stol-proizvodstvennyj-sp-s-9-8-900x800x850;3572;heigh850width800depth900;850;800;900;ООО «АССУМ»;;;;;6 469
3603;Стол производственный СП-С-10/8 (1000х800х850);stol-proizvodstvennyj-sp-s-10-8-1000x800x850;3572;heigh850width800depth1000;850;800;1000;ООО «АССУМ»;;;;;6 793
3604;Стол производственный СП-С-11/8 (1100х800х850);stol-proizvodstvennyj-sp-s-11-8-1100x800x850;3572;heigh850width800depth1100;850;800;1100;ООО «АССУМ»;;;;;7 091
3605;Стол производственный СП-С-12/8 (1200х800х850);stol-proizvodstvennyj-sp-s-12-8-1200x800x850;3572;heigh850width800depth1200;850;800;1200;ООО «АССУМ»;;;;;7 661
3606;Стол производственный СП-С-13/8 (1300х800х850);stol-proizvodstvennyj-sp-s-13-8-1300x800x850;3572;heigh850width800depth1300;850;800;1300;ООО «АССУМ»;;;;;7 992
3607;Стол производственный СП-С-14/8 (1400х800х850);stol-proizvodstvennyj-sp-s-14-8-1400x800x850;3572;heigh850width800depth1400;850;800;1400;ООО «АССУМ»;;;;;8 615
3608;Стол производственный СП-С-15/8 (1500х800х850);stol-proizvodstvennyj-sp-s-15-8-1500x800x850;3572;heigh850width800depth1500;850;800;1500;ООО «АССУМ»;;;;;8 846
3609;Стол производственный СП-С-16/8 (1600х800х850);stol-proizvodstvennyj-sp-s-16-8-1600x800x850;3572;heigh850width800depth1600;850;800;1600;ООО «АССУМ»;;;;;9 277
3610;Стол производственный СП-С-17/8 (1700х800х850);stol-proizvodstvennyj-sp-s-17-8-1700x800x850;3572;heigh850width800depth1700;850;800;1700;ООО «АССУМ»;;;;;9 776
3611;Стол производственный СП-С-18/8 (1800х800х850);stol-proizvodstvennyj-sp-s-18-8-1800x800x850;3572;heigh850width800depth1800;850;800;1800;ООО «АССУМ»;;;;;11 687
3613;Стол производственный СПБ-С-6/6 (600х600х850);stol-proizvodstvennyj-spb-s-6-6-600x600x850;3612;heigh850width600depth600;850;600;600;ООО «АССУМ»;;;;;4 476
3614;Стол производственный СПБ-С-7/6 (700х600х850);stol-proizvodstvennyj-spb-s-7-6-700x600x850;3612;heigh850width600depth700;850;600;700;ООО «АССУМ»;;;;;4 722
3615;Стол производственный СПБ-С-8/6 (800х600х850);stol-proizvodstvennyj-spb-s-8-6-800x600x850;3612;heigh850width600depth800;850;600;800;ООО «АССУМ»;;;;;5 136
3616;Стол производственный СПБ-С-9/6 (900х600х850);stol-proizvodstvennyj-spb-s-9-6-900x600x850;3612;heigh850width600depth900;850;600;900;ООО «АССУМ»;;;;;5 438
3617;Стол производственный СПБ-С-10/6 (1000х600х850);stol-proizvodstvennyj-spb-s-10-6-1000x600x850;3612;heigh850width600depth1000;850;600;1000;ООО «АССУМ»;;;;;5 712
3618;Стол производственный СПБ-С-11/6 (1100х600х850);stol-proizvodstvennyj-spb-s-11-6-1100x600x850;3612;heigh850width600depth1100;850;600;1100;ООО «АССУМ»;;;;;6 006
3619;Стол производственный СПБ-С-12/6 (1200х600х850);stol-proizvodstvennyj-spb-s-12-6-1200x600x850;3612;heigh850width600depth1200;850;600;1200;ООО «АССУМ»;;;;;6 469
3620;Стол производственный СПБ-С-13/6 (1300х600х850);stol-proizvodstvennyj-spb-s-13-6-1300x600x850;3612;heigh850width600depth1300;850;600;1300;ООО «АССУМ»;;;;;6 750
3621;Стол производственный СПБ-С-14/6 (1400х600х850);stol-proizvodstvennyj-spb-s-14-6-1400x600x850;3612;heigh850width600depth1400;850;600;1400;ООО «АССУМ»;;;;;7 177
3622;Стол производственный СПБ-С-15/6 (1500х600х850);stol-proizvodstvennyj-spb-s-15-6-1500x600x850;3612;heigh850width600depth1500;850;600;1500;ООО «АССУМ»;;;;;7 456
3623;Стол производственный СПБ-С-16/6 (1600х600х850);stol-proizvodstvennyj-spb-s-16-6-1600x600x850;3612;heigh850width600depth1600;850;600;1600;ООО «АССУМ»;;;;;7 821
3624;Стол производственный СПБ-С-17/6 (1700х600х850);stol-proizvodstvennyj-spb-s-17-6-1700x600x850;3612;heigh850width600depth1700;850;600;1700;ООО «АССУМ»;;;;;8 204
3625;Стол производственный СПБ-С-18/6 (1800х600х850);stol-proizvodstvennyj-spb-s-18-6-1800x600x850;3612;heigh850width600depth1800;850;600;1800;ООО «АССУМ»;;;;;8 513
3626;Стол производственный СПБ-С-6/7 (600х700х850);stol-proizvodstvennyj-spb-s-6-7-600x700x850;3612;heigh850width700depth600;850;700;600;ООО «АССУМ»;;;;;4 719
3627;Стол производственный СПБ-С-7/7 (700х700х850);stol-proizvodstvennyj-spb-s-7-7-700x700x850;3612;heigh850width700depth700;850;700;700;ООО «АССУМ»;;;;;4 982
3628;Стол производственный СПБ-С-8/7 (800х700х850);stol-proizvodstvennyj-spb-s-8-7-800x700x850;3612;heigh850width700depth800;850;700;800;ООО «АССУМ»;;;;;5 490
3629;Стол производственный СПБ-С-9/7 (900х700х850);stol-proizvodstvennyj-spb-s-9-7-900x700x850;3612;heigh850width700depth900;850;700;900;ООО «АССУМ»;;;;;5 766
3630;Стол производственный СПБ-С-10/7 (1000х700х850);stol-proizvodstvennyj-spb-s-10-7-1000x700x850;3612;heigh850width700depth1000;850;700;1000;ООО «АССУМ»;;;;;6 169
3631;Стол производственный СПБ-С-11/7 (1100х700х850);stol-proizvodstvennyj-spb-s-11-7-1100x700x850;3612;heigh850width700depth1100;850;700;1100;ООО «АССУМ»;;;;;6 442
3632;Стол производственный СПБ-С-12/7 (1200х700х850);stol-proizvodstvennyj-spb-s-12-7-1200x700x850;3612;heigh850width700depth1200;850;700;1200;ООО «АССУМ»;;;;;6 893
3633;Стол производственный СПБ-С-13/7 (1300х700х850);stol-proizvodstvennyj-spb-s-13-7-1300x700x850;3612;heigh850width700depth1300;850;700;1300;ООО «АССУМ»;;;;;7 259
3634;Стол производственный СПБ-С-14/7 (1400х700х850);stol-proizvodstvennyj-spb-s-14-7-1400x700x850;3612;heigh850width700depth1400;850;700;1400;ООО «АССУМ»;;;;;7 781
3635;Стол производственный СПБ-С-15/7 (1500х700х850);stol-proizvodstvennyj-spb-s-15-7-1500x700x850;3612;heigh850width700depth1500;850;700;1500;ООО «АССУМ»;;;;;8 021
3636;Стол производственный СПБ-С-16/7 (1600х700х850);stol-proizvodstvennyj-spb-s-16-7-1600x700x850;3612;heigh850width700depth1600;850;700;1600;ООО «АССУМ»;;;;;8 359
3637;Стол производственный СПБ-С-17/7 (1700х700х850);stol-proizvodstvennyj-spb-s-17-7-1700x700x850;3612;heigh850width700depth1700;850;700;1700;ООО «АССУМ»;;;;;8 785
3638;Стол производственный СПБ-С-18/7 (1800х700х850);stol-proizvodstvennyj-spb-s-18-7-1800x700x850;3612;heigh850width700depth1800;850;700;1800;ООО «АССУМ»;;;;;9 163
3639;Стол производственный СПБ-С-6/8 (600х800х850);stol-proizvodstvennyj-spb-s-6-8-600x800x850;3612;heigh850width800depth600;850;800;600;ООО «АССУМ»;;;;;5 315
3640;Стол производственный СПБ-С-7/8 (700х800х850);stol-proizvodstvennyj-spb-s-7-8-700x800x850;3612;heigh850width800depth700;850;800;700;ООО «АССУМ»;;;;;5 677
3641;Стол производственный СПБ-С-8/8 (800х800х850);stol-proizvodstvennyj-spb-s-8-8-800x800x850;3612;heigh850width800depth800;850;800;800;ООО «АССУМ»;;;;;6 201
3642;Стол производственный СПБ-С-9/8 (900х800х850);stol-proizvodstvennyj-spb-s-9-8-900x800x850;3612;heigh850width800depth900;850;800;900;ООО «АССУМ»;;;;;6 572
3643;Стол производственный СПБ-С-10/8 (1000х800х850);stol-proizvodstvennyj-spb-s-10-8-1000x800x850;3612;heigh850width800depth1000;850;800;1000;ООО «АССУМ»;;;;;6 976
3644;Стол производственный СПБ-С-11/8 (1100х800х850);stol-proizvodstvennyj-spb-s-11-8-1100x800x850;3612;heigh850width800depth1100;850;800;1100;ООО «АССУМ»;;;;;7 298
3645;Стол производственный СПБ-С-12/8 (1200х800х850);stol-proizvodstvennyj-spb-s-12-8-1200x800x850;3612;heigh850width800depth1200;850;800;1200;ООО «АССУМ»;;;;;7 860
3646;Стол производственный СПБ-С-13/8 (1300х800х850);stol-proizvodstvennyj-spb-s-13-8-1300x800x850;3612;heigh850width800depth1300;850;800;1300;ООО «АССУМ»;;;;;8 212
3647;Стол производственный СПБ-С-14/8 (1400х800х850);stol-proizvodstvennyj-spb-s-14-8-1400x800x850;3612;heigh850width800depth1400;850;800;1400;ООО «АССУМ»;;;;;8 755
3648;Стол производственный СПБ-С-15/8 (1500х800х850);stol-proizvodstvennyj-spb-s-15-8-1500x800x850;3612;heigh850width800depth1500;850;800;1500;ООО «АССУМ»;;;;;9 109
3649;Стол производственный СПБ-С-16/8 (1600х800х850);stol-proizvodstvennyj-spb-s-16-8-1600x800x850;3612;heigh850width800depth1600;850;800;1600;ООО «АССУМ»;;;;;9 475
3650;Стол производственный СПБ-С-17/8 (1700х800х850);stol-proizvodstvennyj-spb-s-17-8-1700x800x850;3612;heigh850width800depth1700;850;800;1700;ООО «АССУМ»;;;;;10 057
3651;Стол производственный СПБ-С-18/8 (1800х800х850);stol-proizvodstvennyj-spb-s-18-8-1800x800x850;3612;heigh850width800depth1800;850;800;1800;ООО «АССУМ»;;;;;11 952
3653;Стол производственный СП-С-6/6-П (600х600х850);stol-proizvodstvennyj-sp-s-6-6-p-600x600x850;3652;heigh850width600depth600;850;600;600;ООО «АССУМ»;;;;;4 725
3654;Стол производственный СП-С-7/6-П (700х600х850);stol-proizvodstvennyj-sp-s-7-6-p-700x600x850;3652;heigh850width600depth700;850;600;700;ООО «АССУМ»;;;;;4 970
3655;Стол производственный СП-С-8/6-П (800х600х850);stol-proizvodstvennyj-sp-s-8-6-p-800x600x850;3652;heigh850width600depth800;850;600;800;ООО «АССУМ»;;;;;5 376
3656;Стол производственный СП-С-9/6-П (900х600х850);stol-proizvodstvennyj-sp-s-9-6-p-900x600x850;3652;heigh850width600depth900;850;600;900;ООО «АССУМ»;;;;;5 711
3657;Стол производственный СП-С-10/6-П (1000х600х850);stol-proizvodstvennyj-sp-s-10-6-p-1000x600x850;3652;heigh850width600depth1000;850;600;1000;ООО «АССУМ»;;;;;6 062
3658;Стол производственный СП-С-11/6-П (1100х600х850);stol-proizvodstvennyj-sp-s-11-6-p-1100x600x850;3652;heigh850width600depth1100;850;600;1100;ООО «АССУМ»;;;;;6 413
3659;Стол производственный СП-С-12/6-П (1200х600х850);stol-proizvodstvennyj-sp-s-12-6-p-1200x600x850;3652;heigh850width600depth1200;850;600;1200;ООО «АССУМ»;;;;;6 848
3660;Стол производственный СП-С-13/6-П (1300х600х850);stol-proizvodstvennyj-sp-s-13-6-p-1300x600x850;3652;heigh850width600depth1300;850;600;1300;ООО «АССУМ»;;;;;7 305
3661;Стол производственный СП-С-14/6-П (1400х600х850);stol-proizvodstvennyj-sp-s-14-6-p-1400x600x850;3652;heigh850width600depth1400;850;600;1400;ООО «АССУМ»;;;;;7 590
3662;Стол производственный СП-С-15/6-П (1500х600х850);stol-proizvodstvennyj-sp-s-15-6-p-1500x600x850;3652;heigh850width600depth1500;850;600;1500;ООО «АССУМ»;;;;;7 876
3663;Стол производственный СП-С-16/6-П (1600х600х850);stol-proizvodstvennyj-sp-s-16-6-p-1600x600x850;3652;heigh850width600depth1600;850;600;1600;ООО «АССУМ»;;;;;8 345
3664;Стол производственный СП-С-17/6-П (1700х600х850);stol-proizvodstvennyj-sp-s-17-6-p-1700x600x850;3652;heigh850width600depth1700;850;600;1700;ООО «АССУМ»;;;;;8 914
3665;Стол производственный СП-С-18/6-П (1800х600х850);stol-proizvodstvennyj-sp-s-18-6-p-1800x600x850;3652;heigh850width600depth1800;850;600;1800;ООО «АССУМ»;;;;;9 350
3666;Стол производственный СП-С-6/7-П (600х700х850);stol-proizvodstvennyj-sp-s-6-7-p-600x700x850;3652;heigh850width700depth600;850;700;600;ООО «АССУМ»;;;;;5 097
3667;Стол производственный СП-С-7/7-П (700х700х850);stol-proizvodstvennyj-sp-s-7-7-p-700x700x850;3652;heigh850width700depth700;850;700;700;ООО «АССУМ»;;;;;5 516
3668;Стол производственный СП-С-8/7-П (800х700х850);stol-proizvodstvennyj-sp-s-8-7-p-800x700x850;3652;heigh850width700depth800;850;700;800;ООО «АССУМ»;;;;;6 016
3669;Стол производственный СП-С-9/7-П (900х700х850);stol-proizvodstvennyj-sp-s-9-7-p-900x700x850;3652;heigh850width700depth900;850;700;900;ООО «АССУМ»;;;;;6 398
3670;Стол производственный СП-С-10/7-П (1000х700х850);stol-proizvodstvennyj-sp-s-10-7-p-1000x700x850;3652;heigh850width700depth1000;850;700;1000;ООО «АССУМ»;;;;;6 872
3671;Стол производственный СП-С-11/7-П (1100х700х850);stol-proizvodstvennyj-sp-s-11-7-p-1100x700x850;3652;heigh850width700depth1100;850;700;1100;ООО «АССУМ»;;;;;7 234
3672;Стол производственный СП-С-12/7-П (1200х700х850);stol-proizvodstvennyj-sp-s-12-7-p-1200x700x850;3652;heigh850width700depth1200;850;700;1200;ООО «АССУМ»;;;;;7 742
3673;Стол производственный СП-С-13/7-П (1300х700х850);stol-proizvodstvennyj-sp-s-13-7-p-1300x700x850;3652;heigh850width700depth1300;850;700;1300;ООО «АССУМ»;;;;;8 157
3674;Стол производственный СП-С-14/7-П (1400х700х850);stol-proizvodstvennyj-sp-s-14-7-p-1400x700x850;3652;heigh850width700depth1400;850;700;1400;ООО «АССУМ»;;;;;8 677
3675;Стол производственный СП-С-15/7-П (1500х700х850);stol-proizvodstvennyj-sp-s-15-7-p-1500x700x850;3652;heigh850width700depth1500;850;700;1500;ООО «АССУМ»;;;;;8 986
3676;Стол производственный СП-С-16/7-П (1600х700х850);stol-proizvodstvennyj-sp-s-16-7-p-1600x700x850;3652;heigh850width700depth1600;850;700;1600;ООО «АССУМ»;;;;;9 494
3677;Стол производственный СП-С-17/7-П (1700х700х850);stol-proizvodstvennyj-sp-s-17-7-p-1700x700x850;3652;heigh850width700depth1700;850;700;1700;ООО «АССУМ»;;;;;9 903
3678;Стол производственный СП-С-18/7-П (1800х700х850);stol-proizvodstvennyj-sp-s-18-7-p-1800x700x850;3652;heigh850width700depth1800;850;700;1800;ООО «АССУМ»;;;;;10 355
3679;Стол производственный СП-С-6/8-П (600х800х850);stol-proizvodstvennyj-sp-s-6-8-p-600x800x850;3652;heigh850width800depth600;850;800;600;ООО «АССУМ»;;;;;5 411
3680;Стол производственный СП-С-7/8-П (700х800х850);stol-proizvodstvennyj-sp-s-7-8-p-700x800x850;3652;heigh850width800depth700;850;800;700;ООО «АССУМ»;;;;;5 886
3681;Стол производственный СП-С-8/8-П (800х800х850);stol-proizvodstvennyj-sp-s-8-8-p-800x800x850;3652;heigh850width800depth800;850;800;800;ООО «АССУМ»;;;;;6 401
3682;Стол производственный СП-С-9/8-П (900х800х850);stol-proizvodstvennyj-sp-s-9-8-p-900x800x850;3652;heigh850width800depth900;850;800;900;ООО «АССУМ»;;;;;6 860
3683;Стол производственный СП-С-10/8-П (1000х800х850);stol-proizvodstvennyj-sp-s-10-8-p-1000x800x850;3652;heigh850width800depth1000;850;800;1000;ООО «АССУМ»;;;;;7 364
3684;Стол производственный СП-С-11/8-П (1100х800х850);stol-proizvodstvennyj-sp-s-11-8-p-1100x800x850;3652;heigh850width800depth1100;850;800;1100;ООО «АССУМ»;;;;;7 738
3685;Стол производственный СП-С-12/8-П (1200х800х850);stol-proizvodstvennyj-sp-s-12-8-p-1200x800x850;3652;heigh850width800depth1200;850;800;1200;ООО «АССУМ»;;;;;8 281
3686;Стол производственный СП-С-13/8-П (1300х800х850);stol-proizvodstvennyj-sp-s-13-8-p-1300x800x850;3652;heigh850width800depth1300;850;800;1300;ООО «АССУМ»;;;;;8 719
3687;Стол производственный СП-С-14/8-П (1400х800х850);stol-proizvodstvennyj-sp-s-14-8-p-1400x800x850;3652;heigh850width800depth1400;850;800;1400;ООО «АССУМ»;;;;;9 244
3688;Стол производственный СП-С-15/8-П (1500х800х850);stol-proizvodstvennyj-sp-s-15-8-p-1500x800x850;3652;heigh850width800depth1500;850;800;1500;ООО «АССУМ»;;;;;9 648
3689;Стол производственный СП-С-16/8-П (1600х800х850);stol-proizvodstvennyj-sp-s-16-8-p-1600x800x850;3652;heigh850width800depth1600;850;800;1600;ООО «АССУМ»;;;;;10 074
3690;Стол производственный СП-С-17/8-П (1700х800х850);stol-proizvodstvennyj-sp-s-17-8-p-1700x800x850;3652;heigh850width800depth1700;850;800;1700;ООО «АССУМ»;;;;;10 862
3691;Стол производственный СП-С-18/8-П (1800х800х850);stol-proizvodstvennyj-sp-s-18-8-p-1800x800x850;3652;heigh850width800depth1800;850;800;1800;ООО «АССУМ»;;;;;12 708
3693;Стол производственный СПБ-С-6/6-П (600х600х850);stol-proizvodstvennyj-spb-s-6-6-p-600x600x850;3692;heigh850width600depth600;850;600;600;ООО «АССУМ»;;;;;5 096
3694;Стол производственный СПБ-С-7/6-П (700х600х850);stol-proizvodstvennyj-spb-s-7-6-p-700x600x850;3692;heigh850width600depth700;850;600;700;ООО «АССУМ»;;;;;5 275
3695;Стол производственный СПБ-С-8/6-П (800х600х850);stol-proizvodstvennyj-spb-s-8-6-p-800x600x850;3692;heigh850width600depth800;850;600;800;ООО «АССУМ»;;;;;5 480
3696;Стол производственный СПБ-С-9/6-П (900х600х850);stol-proizvodstvennyj-spb-s-9-6-p-900x600x850;3692;heigh850width600depth900;850;600;900;ООО «АССУМ»;;;;;5 824
3697;Стол производственный СПБ-С-10/6-П (1000х600х850);stol-proizvodstvennyj-spb-s-10-6-p-1000x600x850;3692;heigh850width600depth1000;850;600;1000;ООО «АССУМ»;;;;;6 206
3698;Стол производственный СПБ-С-11/6-П (1100х600х850);stol-proizvodstvennyj-spb-s-11-6-p-1100x600x850;3692;heigh850width600depth1100;850;600;1100;ООО «АССУМ»;;;;;6 571
3699;Стол производственный СПБ-С-12/6-П (1200х600х850);stol-proizvodstvennyj-spb-s-12-6-p-1200x600x850;3692;heigh850width600depth1200;850;600;1200;ООО «АССУМ»;;;;;7 025
3700;Стол производственный СПБ-С-13/6-П (1300х600х850);stol-proizvodstvennyj-spb-s-13-6-p-1300x600x850;3692;heigh850width600depth1300;850;600;1300;ООО «АССУМ»;;;;;7 493
3701;Стол производственный СПБ-С-14/6-П (1400х600х850);stol-proizvodstvennyj-spb-s-14-6-p-1400x600x850;3692;heigh850width600depth1400;850;600;1400;ООО «АССУМ»;;;;;7 751
3702;Стол производственный СПБ-С-15/6-П (1500х600х850);stol-proizvodstvennyj-spb-s-15-6-p-1500x600x850;3692;heigh850width600depth1500;850;600;1500;ООО «АССУМ»;;;;;8 160
3703;Стол производственный СПБ-С-16/6-П (1600х600х850);stol-proizvodstvennyj-spb-s-16-6-p-1600x600x850;3692;heigh850width600depth1600;850;600;1600;ООО «АССУМ»;;;;;9 604
3704;Стол производственный СПБ-С-17/6-П (1700х600х850);stol-proizvodstvennyj-spb-s-17-6-p-1700x600x850;3692;heigh850width600depth1700;850;600;1700;ООО «АССУМ»;;;;;9 193
3705;Стол производственный СПБ-С-18/6-П (1800х600х850);stol-proizvodstvennyj-spb-s-18-6-p-1800x600x850;3692;heigh850width600depth1800;850;600;1800;ООО «АССУМ»;;;;;9 776
3706;Стол производственный СПБ-С-6/7-П (600х700х850);stol-proizvodstvennyj-spb-s-6-7-p-600x700x850;3692;heigh850width700depth600;850;700;600;ООО «АССУМ»;;;;;5 358
3707;Стол производственный СПБ-С-7/7-П (700х700х850);stol-proizvodstvennyj-spb-s-7-7-p-700x700x850;3692;heigh850width700depth700;850;700;700;ООО «АССУМ»;;;;;5 605
3708;Стол производственный СПБ-С-8/7-П (800х700х850);stol-proizvodstvennyj-spb-s-8-7-p-800x700x850;3692;heigh850width700depth800;850;700;800;ООО «АССУМ»;;;;;6 123
3709;Стол производственный СПБ-С-9/7-П (900х700х850);stol-proizvodstvennyj-spb-s-9-7-p-900x700x850;3692;heigh850width700depth900;850;700;900;ООО «АССУМ»;;;;;6 521
3710;Стол производственный СПБ-С-10/7-П (1000х700х850);stol-proizvodstvennyj-spb-s-10-7-p-1000x700x850;3692;heigh850width700depth1000;850;700;1000;ООО «АССУМ»;;;;;7 032
3711;Стол производственный СПБ-С-11/7-П (1100х700х850);stol-proizvodstvennyj-spb-s-11-7-p-1100x700x850;3692;heigh850width700depth1100;850;700;1100;ООО «АССУМ»;;;;;7 399
3712;Стол производственный СПБ-С-12/7-П (1200х700х850);stol-proizvodstvennyj-spb-s-12-7-p-1200x700x850;3692;heigh850width700depth1200;850;700;1200;ООО «АССУМ»;;;;;7 860
3713;Стол производственный СПБ-С-13/7-П (1300х700х850);stol-proizvodstvennyj-spb-s-13-7-p-1300x700x850;3692;heigh850width700depth1300;850;700;1300;ООО «АССУМ»;;;;;8 301
3714;Стол производственный СПБ-С-14/7-П (1400х700х850);stol-proizvodstvennyj-spb-s-14-7-p-1400x700x850;3692;heigh850width700depth1400;850;700;1400;ООО «АССУМ»;;;;;8 856
3715;Стол производственный СПБ-С-15/7-П (1500х700х850);stol-proizvodstvennyj-spb-s-15-7-p-1500x700x850;3692;heigh850width700depth1500;850;700;1500;ООО «АССУМ»;;;;;9 199
3716;Стол производственный СПБ-С-16/7-П (1600х700х850);stol-proizvodstvennyj-spb-s-16-7-p-1600x700x850;3692;heigh850width700depth1600;850;700;1600;ООО «АССУМ»;;;;;9 671
3717;Стол производственный СПБ-С-17/7-П (1700х700х850);stol-proizvodstvennyj-spb-s-17-7-p-1700x700x850;3692;heigh850width700depth1700;850;700;1700;ООО «АССУМ»;;;;;10 187
3718;Стол производственный СПБ-С-18/7-П (1800х700х850);stol-proizvodstvennyj-spb-s-18-7-p-1800x700x850;3692;heigh850width700depth1800;850;700;1800;ООО «АССУМ»;;;;;10 789
3719;Стол производственный СПБ-С-6/8-П (600х800х850);stol-proizvodstvennyj-spb-s-6-8-p-600x800x850;3692;heigh850width800depth600;850;800;600;ООО «АССУМ»;;;;;5 522
3720;Стол производственный СПБ-С-7/8-П (700х800х850);stol-proizvodstvennyj-spb-s-7-8-p-700x800x850;3692;heigh850width800depth700;850;800;700;ООО «АССУМ»;;;;;5 980
3721;Стол производственный СПБ-С-8/8-П (800х800х850);stol-proizvodstvennyj-spb-s-8-8-p-800x800x850;3692;heigh850width800depth800;850;800;800;ООО «АССУМ»;;;;;6 506
3722;Стол производственный СПБ-С-9/8-П (900х800х850);stol-proizvodstvennyj-spb-s-9-8-p-900x800x850;3692;heigh850width800depth900;850;800;900;ООО «АССУМ»;;;;;6 979
3723;Стол производственный СПБ-С-10/8-П (1000х800х850);stol-proizvodstvennyj-spb-s-10-8-p-1000x800x850;3692;heigh850width800depth1000;850;800;1000;ООО «АССУМ»;;;;;7 513
3724;Стол производственный СПБ-С-11/8-П (1100х800х850);stol-proizvodstvennyj-spb-s-11-8-p-1100x800x850;3692;heigh850width800depth1100;850;800;1100;ООО «АССУМ»;;;;;7 896
3725;Стол производственный СПБ-С-12/8-П (1200х800х850);stol-proizvodstvennyj-spb-s-12-8-p-1200x800x850;3692;heigh850width800depth1200;850;800;1200;ООО «АССУМ»;;;;;8 451
3726;Стол производственный СПБ-С-13/8-П (1300х800х850);stol-proizvodstvennyj-spb-s-13-8-p-1300x800x850;3692;heigh850width800depth1300;850;800;1300;ООО «АССУМ»;;;;;8 922
3727;Стол производственный СПБ-С-14/8-П (1400х800х850);stol-proizvodstvennyj-spb-s-14-8-p-1400x800x850;3692;heigh850width800depth1400;850;800;1400;ООО «АССУМ»;;;;;9 397
3728;Стол производственный СПБ-С-15/8-П (1500х800х850);stol-proizvodstvennyj-spb-s-15-8-p-1500x800x850;3692;heigh850width800depth1500;850;800;1500;ООО «АССУМ»;;;;;9 828
3729;Стол производственный СПБ-С-16/8-П (1600х800х850);stol-proizvodstvennyj-spb-s-16-8-p-1600x800x850;3692;heigh850width800depth1600;850;800;1600;ООО «АССУМ»;;;;;10 305
3730;Стол производственный СПБ-С-17/8-П (1700х800х850);stol-proizvodstvennyj-spb-s-17-8-p-1700x800x850;3692;heigh850width800depth1700;850;800;1700;ООО «АССУМ»;;;;;11 127
3731;Стол производственный СПБ-С-18/8-П (1800х800х850);stol-proizvodstvennyj-spb-s-18-8-p-1800x800x850;3692;heigh850width800depth1800;850;800;1800;ООО «АССУМ»;;;;;12 932
3733;Стол производственный СП-П-10/6 (1000х600х850);stol-proizvodstvennyj-sp-p-10-6-1000x600x850;3732;heigh850width600depth1000;850;600;1000;ООО «АССУМ»;;;;;8 225
3734;Стол производственный СП-П-10/7 (1000х700х850);stol-proizvodstvennyj-sp-p-10-7-1000x700x850;3732;heigh850width700depth1000;850;700;1000;;;;;;9 307
3735;Стол производственный СП-П-12/6 (1200х600х850);stol-proizvodstvennyj-sp-p-12-6-1200x600x850;3732;heigh850width600depth1200;850;600;1200;ООО «АССУМ»;;;;;9 164
3736;Стол производственный СП-П-12/7 (1200х700х850);stol-proizvodstvennyj-sp-p-12-7-1200x700x850;3732;heigh850width700depth1200;850;700;1200;ООО «АССУМ»;;;;;10 404
3737;Стол производственный СП-П-15/6 (1500х600х850);stol-proizvodstvennyj-sp-p-15-6-1500x600x850;3732;heigh850width600depth1500;850;600;1500;ООО «АССУМ»;;;;;10 570
3738;Стол производственный СП-П-15/7 (1500х700х850);stol-proizvodstvennyj-sp-p-15-7-1500x700x850;3732;heigh850width700depth1500;850;700;1500;ООО «АССУМ»;;;;;12 168
3739;Стол производственный СП-П-18/6 (1800х600х850);stol-proizvodstvennyj-sp-p-18-6-1800x600x850;3732;heigh850width600depth1800;850;600;1800;ООО «АССУМ»;;;;;12 013
3740;Стол производственный СП-П-18/7 (1800х700х850);stol-proizvodstvennyj-sp-p-18-7-1800x700x850;3732;heigh850width700depth1800;850;700;1800;ООО «АССУМ»;сплошные;;;;13 899
3741;Стол производственный СП-П-6/6 (600х600х850);stol-proizvodstvennyj-sp-p-6-6-600x600x850;3732;heigh850width600depth600;850;600;600;ООО «АССУМ»;;;;;6 387
3742;Стол производственный СП-П-6/7 (600х700х850);stol-proizvodstvennyj-sp-p-6-7-600x700x850;3732;heigh850width700depth600;850;700;600;ООО «АССУМ»;;;;;7 054
3743;Стол производственный СП-П-6/8 (600х800х850);stol-proizvodstvennyj-sp-p-6-8-600x800x850;3732;heigh850width800depth600;850;800;600;ООО «АССУМ»;;;;;7 893
3744;Стол производственный СП-П-10/8 (1000х800х850);stol-proizvodstvennyj-sp-p-10-8-1000x800x850;3732;heigh850width800depth1000;850;800;1000;ООО «АССУМ»;;;;;10 489
3745;Стол производственный СП-П-12/8 (1200х800х850);stol-proizvodstvennyj-sp-p-12-8-1200x800x850;3732;heigh850width800depth1200;850;800;1200;ООО «АССУМ»;;;;;11 736
3746;Стол производственный СП-П-15/8 (1500х800х850);stol-proizvodstvennyj-sp-p-15-8-1500x800x850;3732;heigh850width800depth1500;850;800;1500;ООО «АССУМ»;;;;;13 624
3747;Стол производственный СП-П-18/8 (1800х800х850);stol-proizvodstvennyj-sp-p-18-8-1800x800x850;3732;heigh850width800depth1800;850;800;1800;ООО «АССУМ»;;;;;18 706
3749;Стол производственный СПБ-П-10/6 (1000х600х850);stol-proizvodstvennyj-spb-p-10-6-1000x600x850;3748;heigh850width600depth1000;850;600;1000;ООО «АССУМ»;;;;;8 351
3750;Стол производственный СПБ-П-10/7 (1000х700х850);stol-proizvodstvennyj-spb-p-10-7-1000x700x850;3748;heigh850width700depth1000;850;700;1000;ООО «АССУМ»;;есть;;;9 512
3751;Стол производственный СПБ-П-12/6 (1200х600х850);stol-proizvodstvennyj-spb-p-12-6-1200x600x850;3748;heigh850width600depth1200;850;600;1200;ООО «АССУМ»;;есть;;;9 412
3752;Стол производственный СПБ-П-12/7 (1200х700х850);stol-proizvodstvennyj-spb-p-12-7-1200x700x850;3748;heigh850width700depth1200;850;700;1200;ООО «АССУМ»;;есть;;;10 650
3753;Стол производственный СПБ-П-15/6 (1500х600х850);stol-proizvodstvennyj-spb-p-15-6-1500x600x850;3748;heigh850width600depth1500;850;600;1500;ООО «АССУМ»;;есть;;;10 775
3754;Стол производственный СПБ-П-15/7 (1500х700х850);stol-proizvodstvennyj-spb-p-15-7-1500x700x850;3748;heigh850width700depth1500;850;700;1500;ООО «АССУМ»;;есть;;;12 361
3755;Стол производственный СПБ-П-18/6 (1800х600х850);stol-proizvodstvennyj-spb-p-18-6-1800x600x850;3748;heigh850width600depth1800;850;600;1800;ООО «АССУМ»;;есть;;;12 255
3756;Стол производственный СПБ-П-18/7 (1800х700х850);stol-proizvodstvennyj-spb-p-18-7-1800x700x850;3748;heigh850width700depth1800;850;700;1800;ООО «АССУМ»;;есть;;;14 148
3757;Стол производственный СПБ-П-6/6 (600х600х850);stol-proizvodstvennyj-spb-p-6-6-600x600x850;3748;heigh850width600depth600;850;600;600;ООО «АССУМ»;;;;;6 514
3758;Стол производственный СПБ-П-6/7 (600х700х850);stol-proizvodstvennyj-spb-p-6-7-600x700x850;3748;heigh850width700depth600;850;700;600;ООО «АССУМ»;;есть;;;7 177
3759;Стол производственный СПБ-П-6/8 (600х800х850);stol-proizvodstvennyj-spb-p-6-8-600x800x850;3748;heigh850width800depth600;850;800;600;ООО «АССУМ»;;есть;;;8 012
3760;Стол производственный СПБ-П-10/8 (1000х800х850);stol-proizvodstvennyj-spb-p-10-8-1000x800x850;3748;heigh850width800depth1000;850;800;1000;ООО «АССУМ»;;есть;;;10 690
3761;Стол производственный СПБ-П-12/8 (1200х800х850);stol-proizvodstvennyj-spb-p-12-8-1200x800x850;3748;heigh850width800depth1200;850;800;1200;ООО «АССУМ»;;есть;;;11 976
3762;Стол производственный СПБ-П-15/8 (1500х800х850);stol-proizvodstvennyj-spb-p-15-8-1500x800x850;3748;heigh850width800depth1500;850;800;1500;ООО «АССУМ»;;есть;;;13 922
3763;Стол производственный СПБ-П-18/8 (1800х800х850);stol-proizvodstvennyj-spb-p-18-8-1800x800x850;3748;heigh850width800depth1800;850;800;1800;ООО «АССУМ»;;есть;;;18 971
3765;Стол производственный СП-П2-10/6 (1000х600х850);stol-proizvodstvennyj-sp-p2-10-6-1000x600x850;3764;heigh850width600depth1000;850;600;1000;ООО «АССУМ»;;;;;13 641
3766;Стол производственный СП-П2-10/7 (1000х700х850);stol-proizvodstvennyj-sp-p2-10-7-1000x700x850;3764;heigh850width700depth1000;850;700;1000;ООО «АССУМ»;;;;;15 298
3767;Стол производственный СП-П2-12/6 (1200х600х850);stol-proizvodstvennyj-sp-p2-12-6-1200x600x850;3764;heigh850width600depth1200;850;600;1200;ООО «АССУМ»;;;;;14 794
3768;Стол производственный СП-П2-12/7 (1200х700х850);stol-proizvodstvennyj-sp-p2-12-7-1200x700x850;3764;heigh850width700depth1200;850;700;1200;ООО «АССУМ»;;;;;16 227
3769;Стол производственный СП-П2-15/6 (1500х600х850);stol-proizvodstvennyj-sp-p2-15-6-1500x600x850;3764;heigh850width600depth1500;850;600;1500;ООО «АССУМ»;;;;;16 392
3770;Стол производственный СП-П2-15/7 (1500х700х850);stol-proizvodstvennyj-sp-p2-15-7-1500x700x850;3764;heigh850width700depth1500;850;700;1500;ООО «АССУМ»;;;;;18 333
3771;Стол производственный СП-П2-18/6 (1800х600х850);stol-proizvodstvennyj-sp-p2-18-6-1800x600x850;3764;heigh850width600depth1800;850;600;1800;ООО «АССУМ»;;;;;18 250
3772;Стол производственный СП-П2-18/7 (1800х700х850);stol-proizvodstvennyj-sp-p2-18-7-1800x700x850;3764;heigh850width700depth1800;850;700;1800;ООО «АССУМ»;;;;;20 465
3773;Стол производственный СП-П2-6/6 (600х600х850);stol-proizvodstvennyj-sp-p2-6-6-600x600x850;3764;heigh850width600depth600;850;600;600;ООО «АССУМ»;;;;;11 812
3774;Стол производственный СП-П2-6/7 (600х700х850);stol-proizvodstvennyj-sp-p2-6-7-600x700x850;3764;heigh850width700depth600;850;700;600;ООО «АССУМ»;;;;;12 419
3775;Стол производственный СП-П2-6/8 (600х800х850);stol-proizvodstvennyj-sp-p2-6-8-600x800x850;3764;heigh850width800depth600;850;800;600;ООО «АССУМ»;;;;;13 602
3776;Стол производственный СП-П2-10/8 (1000х800х850);stol-proizvodstvennyj-sp-p2-10-8-1000x800x850;3764;heigh850width800depth1000;850;800;1000;ООО «АССУМ»;;;;;16 215
3777;Стол производственный СП-П2-12/8 (1200х800х850);stol-proizvodstvennyj-sp-p2-12-8-1200x800x850;3764;heigh850width800depth1200;850;800;1200;ООО «АССУМ»;;;;;17 605
3778;Стол производственный СП-П2-15/8 (1500х800х850);stol-proizvodstvennyj-sp-p2-15-8-1500x800x850;3764;heigh850width800depth1500;850;800;1500;ООО «АССУМ»;;;;;19 563
3779;Стол производственный СП-П2-18/8 (1800х800х850);stol-proizvodstvennyj-sp-p2-18-8-1800x800x850;3764;heigh850width800depth1800;850;800;1800;ООО «АССУМ»;;;;;24 397
3781;Стол производственный СПБ-П2-10/6 (1000х600х850);stol-proizvodstvennyj-spb-p2-10-6-1000x600x850;3780;heigh850width600depth1000;850;600;1000;;;;;;13 942
3782;Стол производственный СПБ-П2-10/7 (1000х700х850);stol-proizvodstvennyj-spb-p2-10-7-1000x700x850;3780;heigh850width700depth1000;850;700;1000;ООО «АССУМ»;;;;;15 522
3783;Стол производственный СПБ-П2-12/6 (1200х600х850);stol-proizvodstvennyj-spb-p2-12-6-1200x600x850;3780;heigh850width600depth1200;850;600;1200;ООО «АССУМ»;;;;;15 011
3784;Стол производственный СПБ-П2-12/7 (1200х700х850);stol-proizvodstvennyj-spb-p2-12-7-1200x700x850;3780;heigh850width700depth1200;850;700;1200;ООО «АССУМ»;;;;;16 485
3785;Стол производственный СПБ-П2-15/6 (1500х600х850);stol-proizvodstvennyj-spb-p2-15-6-1500x600x850;3780;heigh850width600depth1500;850;600;1500;ООО «АССУМ»;;;;;16 673
3786;Стол производственный СПБ-П2-15/7 (1500х700х850);stol-proizvodstvennyj-spb-p2-15-7-1500x700x850;3780;heigh850width700depth1500;850;700;1500;ООО «АССУМ»;;;;;18 659
3787;Стол производственный СПБ-П2-18/6 (1800х600х850);stol-proizvodstvennyj-spb-p2-18-6-1800x600x850;3780;heigh850width600depth1800;850;600;1800;ООО «АССУМ»;;;;;18 584
3788;Стол производственный СПБ-П2-18/7 (1800х700х850);stol-proizvodstvennyj-spb-p2-18-7-1800x700x850;3780;heigh850width700depth1800;850;700;1800;ООО «АССУМ»;;;;;20 681
3789;Стол производственный СПБ-П2-6/6 (600х600х850);stol-proizvodstvennyj-spb-p2-6-6-600x600x850;3780;heigh850width600depth600;850;600;600;ООО «АССУМ»;;;;;12 009
3790;Стол производственный СПБ-П2-6/7 (600х700х850);stol-proizvodstvennyj-spb-p2-6-7-600x700x850;3780;heigh850width700depth600;850;700;600;ООО «АССУМ»;;;;;12 560
3791;Стол производственный СПБ-П2-6/8 (600х800х850);stol-proizvodstvennyj-spb-p2-6-8-600x800x850;3780;heigh850width800depth600;850;800;600;ООО «АССУМ»;;;;;13 754
3792;Стол производственный СПБ-П2-10/8 (1000х800х850);stol-proizvodstvennyj-spb-p2-10-8-1000x800x850;3780;heigh850width800depth1000;850;800;1000;ООО «АССУМ»;;;;;16 445
3793;Стол производственный СПБ-П2-12/8 (1200х800х850);stol-proizvodstvennyj-spb-p2-12-8-1200x800x850;3780;heigh850width800depth1200;850;800;1200;ООО «АССУМ»;;;;;17 871
3794;Стол производственный СПБ-П2-15/8 (1500х800х850);stol-proizvodstvennyj-spb-p2-15-8-1500x800x850;3780;heigh850width800depth1500;850;800;1500;ООО «АССУМ»;;;;;19 904
3795;Стол производственный СПБ-П2-18/8 (1800х800х850);stol-proizvodstvennyj-spb-p2-18-8-1800x800x850;3780;heigh850width800depth1800;850;800;1800;ООО «АССУМ»;;;;;24 830
3797;Стол-тумба СПК-10/6 (1000х600х850);stol-tumba-spk-10-6-1000x600x850;3796;heigh850width600depth1000;850;600;1000;ООО «АССУМ»;;;;;35 111
3798;Стол-тумба СПК-10/7 (1000х700х850);stol-tumba-spk-10-7-1000x700x850;3796;heigh850width700depth1000;850;700;1000;ООО «АССУМ»;;;нержавеющая сталь (AISI 430. 0.7 мм);;36 740
3799;Стол-тумба СПК-12/6 (1200х600х850);stol-tumba-spk-12-6-1200x600x850;3796;heigh850width600depth1200;850;600;1200;ООО «АССУМ»;;;нержавеющая сталь (AISI 430. 0.7 мм);;36 958
3800;Стол-тумба СПК-12/7 (1200х700х850);stol-tumba-spk-12-7-1200x700x850;3796;heigh850width700depth1200;850;700;1200;ООО «АССУМ»;;;нержавеющая сталь (AISI 430. 0.7 мм);;40 090
3801;Стол-тумба СПК-15/6 (1500х600х850);stol-tumba-spk-15-6-1500x600x850;3796;heigh850width600depth1500;850;600;1500;ООО «АССУМ»;;;нержавеющая сталь (AISI 430. 0.7 мм);;41 532
3802;Стол-тумба СПК-15/7 (1500х700х850);stol-tumba-spk-15-7-1500x700x850;3796;heigh850width700depth1500;850;700;1500;ООО «АССУМ»;;;нержавеющая сталь (AISI 430. 0.7 мм);;45 597
3803;Стол-тумба СПК-18/6 (1800х600х850);stol-tumba-spk-18-6-1800x600x850;3796;heigh850width600depth1800;850;600;1800;ООО «АССУМ»;;;нержавеющая сталь (AISI 430. 0.7 мм);;48 164
3804;Стол-тумба СПК-18/7 (1800х700х850);stol-tumba-spk-18-7-1800x700x850;3796;heigh850width700depth1800;850;700;1800;ООО «АССУМ»;;;;;50 586
3806;Стол-тумба СПКБ-10/6 (1000х600х850);stol-tumba-spkb-10-6-1000x600x850;3805;heigh850width600depth1000;850;600;1000;ООО «АССУМ»;;;;;35 615
3807;Стол-тумба СПКБ-10/7 (1000х700х850);stol-tumba-spkb-10-7-1000x700x850;3805;heigh850width700depth1000;850;700;1000;ООО «АССУМ»;;;;;37 258
3808;Стол-тумба СПКБ-12/6 (1200х600х850);stol-tumba-spkb-12-6-1200x600x850;3805;heigh850width600depth1200;850;600;1200;ООО «АССУМ»;;;;;38 612
3809;Стол-тумба СПКБ-12/7 (1200х700х850);stol-tumba-spkb-12-7-1200x700x850;3805;heigh850width700depth1200;850;700;1200;ООО «АССУМ»;;;;;40 728
3810;Стол-тумба СПКБ-15/6 (1500х600х850);stol-tumba-spkb-15-6-1500x600x850;3805;heigh850width600depth1500;850;600;1500;ООО «АССУМ»;;;;;41 835
3811;Стол-тумба СПКБ-15/7 (1500х700х850);stol-tumba-spkb-15-7-1500x700x850;3805;heigh850width700depth1500;850;700;1500;ООО «АССУМ»;;;;цельнотянутая (нержавеющая сталь AISI 430. 0.5 мм);45 997
3812;Стол-тумба СПКБ-18/6 (1800х600х850);stol-tumba-spkb-18-6-1800x600x850;3805;heigh850width600depth1800;850;600;1800;ООО «АССУМ»;;;;;48 621
3813;Стол-тумба СПКБ-18/7 (1800х700х850);stol-tumba-spkb-18-7-1800x700x850;3805;heigh850width700depth1800;850;700;1800;ООО «АССУМ»;;;;;51 129
3815;Стол-тумба СПКБ-10/6 (1000х600х850) (Ванна слева);stol-tumba-spkb-10-6-1000h600h850-vanna-sleva;3814;heigh850width600depth1000;850;600;1000;ООО «АССУМ»;;;;;49 342
3816;Стол-тумба СПКБ-10/6 (1000х600х850) (Ванна справа);stol-tumba-spkb-10-6-1000h600h850-vanna-sprava;3814;heigh850width600depth1000;850;600;1000;ООО «АССУМ»;;;;;49 342
3817;Стол-тумба СПКБ-12/6 (1200х600х850) (Ванна слева);stol-tumba-spkb-12-6-1200h600h850-vanna-sleva;3814;heigh850width600depth1200;850;600;1200;ООО «АССУМ»;;;;;51 844
3818;Стол-тумба СПКБ-12/6 (1200х600х850) (Ванна справа);stol-tumba-spkb-12-6-1200h600h850-vanna-sprava;3814;heigh850width600depth1200;850;600;1200;ООО «АССУМ»;;;;;51 844
3819;Стол-тумба СПКБ-15/6 (1500х600х850) (Ванна слева);stol-tumba-spkb-15-6-1500h600h850-vanna-sleva;3814;heigh850width600depth1500;850;600;1500;ООО «АССУМ»;;;;;55 414
3820;Стол-тумба СПКБ-15/6 (1500х600х850) (Ванна справа);stol-tumba-spkb-15-6-1500h600h850-vanna-sprava;3814;heigh850width600depth1500;850;600;1500;ООО «АССУМ»;;;;;55 414
3821;Стол-тумба СПКБ-18/6 (1800х600х850) (Ванна слева);stol-tumba-spkb-18-6-1800h600h850-vanna-sleva;3814;heigh850width600depth1800;850;600;1800;ООО «АССУМ»;;;;;58 191
3822;Стол-тумба СПКБ-18/6 (1800х600х850) (Ванна справа);stol-tumba-spkb-18-6-1800h600h850-vanna-sprava;3814;heigh850width600depth1800;850;600;1800;ООО «АССУМ»;;;;;58 191
3823;Стол-тумба СПКБ-10/7 (1000х700х850) (Ванна слева);stol-tumba-spkb-10-7-1000h700h850-vanna-sleva;3814;heigh850width700depth1000;850;700;1000;ООО «АССУМ»;;;;;54 563
3824;Стол-тумба СПКБ-10/7 (1000х700х850) (Ванна справа);stol-tumba-spkb-10-7-1000h700h850-vanna-sprava;3814;heigh850width700depth1000;850;700;1000;ООО «АССУМ»;;;;;54 563
3825;Стол-тумба СПКБ-12/7 (1200х700х850) (Ванна слева);stol-tumba-spkb-12-7-1200h700h850-vanna-sleva;3814;heigh850width700depth1200;850;700;1200;ООО «АССУМ»;;;;;57 771
3826;Стол-тумба СПКБ-12/7 (1200х700х850) (Ванна справа);stol-tumba-spkb-12-7-1200h700h850-vanna-sprava;3814;heigh850width700depth1200;850;700;1200;ООО «АССУМ»;;;;;57 771
3827;Стол-тумба СПКБ-15/7 (1500х700х850) (Ванна слева);stol-tumba-spkb-15-7-1500h700h850-vanna-sleva;3814;heigh850width700depth1500;850;700;1500;ООО «АССУМ»;;;;;60 976
3828;Стол-тумба СПКБ-15/7 (1500х700х850) (Ванна справа);stol-tumba-spkb-15-7-1500h700h850-vanna-sprava;3814;heigh850width700depth1500;850;700;1500;ООО «АССУМ»;;;;;60 976
3829;Стол-тумба СПКБ-18/7 (1800х700х850) (Ванна слева);stol-tumba-spkb-18-7-1800h700h850-vanna-sleva;3814;heigh850width700depth1800;850;700;1800;ООО «АССУМ»;;;;;66 303
3830;Стол-тумба СПКБ-18/7 (1800х700х850) (Ванна справа);stol-tumba-spkb-18-7-1800h700h850-vanna-sprava;3814;heigh850width700depth1800;850;700;1800;ООО «АССУМ»;;;;;66 303
3832;Стол-тумба СПКБ-18/7 (1800х700х850) (2 ванны слева);vanna-s-dverju-kupe-spkb-18-7-1800h700h850-2-vanny-sleva;3831;heigh850width700depth1800;850;700;1800;ООО «АССУМ»;;;;;80 791
3833;Стол-тумба СПКБ-18/7 (1800х700х850) (2 ванны справа);vanna-s-dverju-kupe-spkb-18-7-1800h700h850-2-vanny-sprava;3831;heigh850width700depth1800;850;700;1800;ООО «АССУМ»;;;;;80 791
3834;Стол-тумба СПКБ-18/6 (1800х600х850) (2 ванны слева);vanna-s-dverju-kupe-spkb-18-6-1800h600h850-2-vanny-sleva;3831;heigh850width600depth1800;850;600;1800;ООО «АССУМ»;;;;;72 680
3835;Стол-тумба СПКБ-18/6 (1800х600х850) (2 ванны справа);vanna-s-dverju-kupe-spkb-18-6-1800h600h850-2-vanny-sprava;3831;heigh850width600depth1800;850;600;1800;ООО «АССУМ»;;;;;72 680
3836;Стол-тумба СПКБ-15/6 (1500х600х850) (2 ванны слева);vanna-s-dverju-kupe-spkb-15-6-1500h600h850-2-vanny-sleva;3831;heigh850width600depth1500;850;600;1500;ООО «АССУМ»;;;;;69 903
3837;Стол-тумба СПКБ-15/6 (1500х600х850) (2 ванны справа);vanna-s-dverju-kupe-spkb-15-6-1500h600h850-2-vanny-sprava;3831;heigh850width600depth1500;850;600;1500;ООО «АССУМ»;;;;;69 903
3838;Стол-тумба СПКБ-15/7 (1500х700х850) (2 ванны слева);vanna-s-dverju-kupe-spkb-15-7-1500h700h850-2-vanny-sleva;3831;heigh850width700depth1500;850;700;1500;ООО «АССУМ»;;;;;75 468
3839;Стол-тумба СПКБ-15/7 (1500х700х850) (2 ванны справа);vanna-s-dverju-kupe-spkb-15-7-1500h700h850-2-vanny-sprava;3831;heigh850width700depth1500;850;700;1500;ООО «АССУМ»;;;;;75 468
3840;Стол-тумба СПКБ-10/6 (1000х600х850) (2 ванны слева);vanna-s-dverju-kupe-spkb-10-6-1000h600h850-2-vanny-sleva;3831;heigh850width600depth1000;850;600;1000;ООО «АССУМ»;;;;;63 830
3841;Стол-тумба СПКБ-10/7 (1000х700х850) (2 ванны слева);vanna-s-dverju-kupe-spkb-10-7-1000h700h850-2-vanny-sleva;3831;heigh850width700depth1000;850;700;1000;ООО «АССУМ»;;;;;70 883
3842;Стол-тумба СПКБ-12/6 (1200х600х850) (2 ванны слева);vanna-s-dverju-kupe-spkb-12-6-1200h600h850-2-vanny-sleva;3831;heigh850width600depth1200;850;600;1200;ООО «АССУМ»;;;;;66 333
3843;Стол-тумба СПКБ-12/6 (1200х600х850) (2 ванны справа);vanna-s-dverju-kupe-spkb-12-6-1200h600h850-2-vanny-sprava;3831;heigh850width600depth1200;850;600;1200;ООО «АССУМ»;;;;;66 333
3844;Стол-тумба СПКБ-12/7 (1200х700х850) (2 ванны слева);vanna-s-dverju-kupe-spkb-12-7-1200h700h850-2-vanny-sleva;3831;heigh850width700depth1200;850;700;1200;ООО «АССУМ»;;;;;69 901
