IE_XML_ID;IE_NAME;IE_PREVIEW_PICTURE;IE_PREVIEW_TEXT;IE_PREVIEW_TEXT_TYPE;IE_CODE;IE_DETAIL_TEXT_TYPE;IE_DETAIL_PICTURE;IE_DETAIL_TEXT;IP_PROP59;IP_PROP64;IP_PROP324;IP_PROP71;IP_PROP72;IP_PROP73;IP_PROP81;IC_GROUP0;IC_GROUP1;CV_PRICE_1;CV_CURRENCY_1
3056;Офисный сейф КЗ-065 Т;https://paksmet.ru/components/com_jshopping/files/img_products/thumb_kz-223tk3.jpg;;html;Ofisnyj-sejf-KZ-065-T;html;https://paksmet.ru/components/com_jshopping/files/img_products/kz-223tk3.jpg;<p>Внутри сейфа располагается отсек ограниченного доступа (трейзер), запираемый на замок «почтового» типа и 2полки. В дне сейфа предусмотрено отверстие Ø11 мм для возможности анкерного крепления его к полу. Дверь сейфа оборудована запорным механизмомс 2-х сторонней ригельной системой запирания (4  ригеля + пассивный П-образный ригель со стороны петель), который блокируется ключевым сейфовым замком класса «А» фирмы «CAWI» или «MAUER» производства Германии. Запорный механизм приводится в действие при помощи ручки. Чтобы открыть сейф необходимо: вставить ключ в замочную скважину, открыть замок и повернуть ручку на 90°. Закрывать в обратном порядке. Петли сейфа наружные, открывание двери – на 180°.</p>;https://paksmet.ru/components/com_jshopping/files/img_products/mehan.png;https://paksmet.ru/catalog/sertifikat/SS_KZ.pdf;2 съемные полки, отсек ограниченного доступа (трейзер);1245;500;445;полимерное порошковое покрытие серого цвета (RAL 7030);Сейфы;Офисные сейфы КЗ;35 139;RUB
3057;Офисный сейф КЗ-045 Т;https://paksmet.ru/components/com_jshopping/files/img_products/thumb_18.jpg;;html;Ofisnyj-sejf-KZ-045-T;html;https://paksmet.ru/components/com_jshopping/files/img_products/18.jpg;<p>Сейф представляет собой сварную металлическую конструкцию, состоящую из наружного и внутреннего корпусов. Межстенное пространство корпуса и двери заполнено специальными составами, материалами и конструктивными элементами, обеспечивающими необходимую для данного изделия взломостойкость.Внутри сейфа располагается отсек ограниченного доступа (трейзер), запираемый на замок «почтового» типа и одна съемная полка. В дне сейфа предусмотрено отверстие Ø11 мм для возможности анкерного крепления его к полу. Дверь сейфа оборудована запорным механизмом с 2-х сторонней ригельной системой запирания (по 4 ригеля Ø28 мм + пассивный П-образный ригель со стороны петель), который блокируется ключевым сейфовым замком класса «А» фирмы «CAWI» или «MAUER» производства Германии. Запорный механизм приводится в действие при помощи ручки. Чтобы открыть сейф необходимо: вставить ключ в замочную скважину, открыть замок и повернуть ручку на 90°. Закрывать в обратном порядке. Петли сейфа наружные, открывание двери – на 180°.</p>;https://paksmet.ru/components/com_jshopping/files/img_products/mehan.png;https://paksmet.ru/catalog/sertifikat/SS_KZ.pdf;1 съемная полка, отсек ограниченного доступа (трейзер);945;450;445;полимерное порошковое покрытие серого цвета (RAL 7030);Сейфы;Офисные сейфы КЗ;30 375;RUB
3058;Офисный сейф КЗ-065 ТК;https://paksmet.ru/components/com_jshopping/files/img_products/thumb_13.jpg;;html;Ofisnyj-sejf-KZ-065-TK;html;https://paksmet.ru/components/com_jshopping/files/img_products/13.jpg;<p>Внутри сейфа располагается отсек ограниченного доступа (трейзер), запираемый на замок «почтового» типа и 2 полки. В дне сейфа предусмотрено отверстие Ø11 мм для возможности анкерного крепления его к полу. Дверь сейфа оборудована запорным механизмом с 2-х сторонней ригельной системой запирания (4  ригеля + пассивный П-образный ригель со стороны петель), который блокируется ключевым сейфовым замком класса «А» фирмы «CAWI» или «MAUER» производства Германии, дополнительно к ключевому замку установлен механический кодовый замок фирмы «CAWI» . Запорный механизм приводится в действие при помощи ручки. Чтобы открыть сейф необходимо: вставить ключ в замочную скважину, открыть замок и повернуть ручку на 90°. Закрывать в обратном порядке. Петли сейфа наружные, открывание двери – на 180°.</p>;https://paksmet.ru/components/com_jshopping/files/img_products/kod-kluch.png;https://paksmet.ru/catalog/sertifikat/SS_KZ.pdf;2 съемные полки, отсек ограниченного доступа (трейзер);1245;500;445;полимерное порошковое покрытие серого цвета (RAL 7030);Сейфы;Офисные сейфы КЗ;41 430;RUB
3059;Офисный сейф КЗ-233 ТК;https://paksmet.ru/components/com_jshopping/files/img_products/thumb_kz-233tk.jpg;;html;Ofisnyj-sejf-KZ-233-TK;html;https://paksmet.ru/components/com_jshopping/files/img_products/kz-233tk.jpg;<p>Сейф «КЗ 233тк» имеет 2 независимых отделения, запираемых собственной дверью. В верхнем отделении располагается отсек ограниченного доступа (трейзер), запираемый на замок «почтового» типа и одна полка, в нижнем – одна полка. В дне сейфа предусмотрено отверстие Ø11 мм для возможности анкерного крепления его к полу. Каждая дверь сейфа оборудована запорным механизмомс 2-х сторонней ригельной системой запирания (по 3 ригеля Ø28 мм вправо/влево), который блокируется ключевым сейфовым замком класса «А» фирмы «CAWI» или «MAUER» производства Германии, дополнительно к ключевому замку оборудован механическим кодовым замком фирмы «CAWI». Запорный механизм приводится в действие при помощи ручки. Чтобы открыть сейф необходимо: вставить ключ в замочную скважину, открыть замок и повернуть ручку на 90°. Закрывать в обратном порядке. Петли сейфа наружные, открывание двери – на 180°.</p>;;https://paksmet.ru/catalog/sertifikat/SS_KZ.pdf;2 съемные полки, отсек ограниченного доступа (трейзер), механический кодовый замок фирмы «CAWI»;1410;500;445;полимерное порошковое покрытие серого цвета (RAL 7030);Сейфы;Офисные сейфы КЗ;55 961;RUB
3060;Офисный сейф КЗ-223 Т;https://paksmet.ru/components/com_jshopping/files/img_products/thumb_kz-223tk1.jpg;;html;Ofisnyj-sejf-KZ-223-T;html;https://paksmet.ru/components/com_jshopping/files/img_products/kz-223tk1.jpg;<p>Сейф «КЗ 223т» имеет 2 независимых отделения, запираемых собственной дверью. В верхнем отделении располагается отсек ограниченного доступа (трейзер), запираемый на замок «почтового» типа и одна съемная полка, в нижнем – одна съемная полка. В дне сейфа предусмотрено отверстие Ø11 мм для возможности анкерного крепления его к полу. Каждая дверь сейфа оборудована запорным механизмомс 2-х сторонней ригельной системой запирания (по 2 ригеля Ø28 мм вправо/влево), который блокируется ключевым сейфовым замком класса «А» фирмы «CAWI» или «MAUER» производства Германии. Запорный механизм приводится в действие при помощи ручки. Чтобы открыть сейф необходимо: вставить ключ в замочную скважину, открыть замок и повернуть ручку на 90°. Закрывать в обратном порядке. Петли сейфа наружные, открывание двери – на 180°.</p>;https://paksmet.ru/components/com_jshopping/files/img_products/mehan.png;https://paksmet.ru/catalog/sertifikat/SS_KZ.pdf;2 съемные полки, отсек ограниченного доступа (трейзер);1210;450;395;полимерное порошковое покрытие серого цвета (RAL 7030);Сейфы;Офисные сейфы КЗ;39 003;RUB
3061;Офисный сейф КЗ-223 ТК;https://paksmet.ru/components/com_jshopping/files/img_products/thumb_kz-223tk.jpg;;html;Ofisnyj-sejf-KZ-223-TK;html;https://paksmet.ru/components/com_jshopping/files/img_products/kz-223tk.jpg;<p>Сейф «КЗ 223тк» имеет 2 независимых отделения, запираемых собственной дверью. В верхнем отделении располагается отсек ограниченного доступа (трейзер), запираемый на замок «почтового» типа и одна съемная полка, в нижнем – одна съемная полка. В дне сейфа предусмотрено отверстие Ø11 мм для возможности анкерного крепления его к полу. Каждая дверь сейфа оборудована запорным механизмом с 2-х сторонней ригельной системой запирания (по 2 ригеля Ø28 мм вправо/влево), который блокируется ключевым сейфовым замком класса «А» фирмы «CAWI» или «MAUER» производства Германии, дополнительно к ключевому замку оборудован механическим кодовым замком фирмы «CAWI» . Запорный механизм приводится в действие при помощи ручки. Чтобы открыть сейф необходимо: вставить ключ в замочную скважину, открыть замок и повернуть ручку на 90°. Закрывать в обратном порядке. Петли сейфа наружные, открывание двери – на 180°.</p>;https://paksmet.ru/components/com_jshopping/files/img_products/kod-kluch.png;https://paksmet.ru/catalog/sertifikat/SS_KZ.pdf;2 съемные полки, отсек ограниченного доступа (трейзер), механический кодовый замок фирмы «CAWI»;1210;450;395;полимерное порошковое покрытие серого цвета (RAL 7030);Сейфы;Офисные сейфы КЗ;51 866;RUB
3062;Офисный сейф КЗ-045 ТК;https://paksmet.ru/components/com_jshopping/files/img_products/thumb_14.jpg;;html;Ofisnyj-sejf-KZ-045-TK;html;https://paksmet.ru/components/com_jshopping/files/img_products/14.jpg;<p>Сейф представляет собой сварную металлическую конструкцию, состоящую из наружного и внутреннего корпусов. Межстенное пространство корпуса и двери заполнено специальными составами, материалами и конструктивными элементами, обеспечивающими необходимую для данного изделия взломостойкость.Внутри сейфа располагается отсек ограниченного доступа (трейзер), запираемый на замок «почтового» типа и одна съемная полка. В дне сейфа предусмотрено отверстие Ø11 мм для возможности анкерного крепления его к полу. Дверь сейфа оборудована запорным механизмом с 2-х сторонней ригельной системой запирания (4 ригеля Ø28 мм + пассивный П-образный ригель со стороны петель), который блокируется ключевым сейфовым замком класса «А» фирмы «CAWI» или «MAUER», дополнительно к ключевому замку установлен механический кодовый замок фирмы «CAWI» производства Германии. Запорный механизм приводится в действие при помощи ручки. Петли сейфа наружные, открывание двери – на 180°.</p>;https://paksmet.ru/components/com_jshopping/files/img_products/kod-kluch.png;https://paksmet.ru/catalog/sertifikat/SS_KZ.pdf;1 съемная полка, отсек ограниченного доступа (трейзер), механический кодовый замок;945;500;445;полимерное порошковое покрытие серого цвета (RAL 7030);Сейфы;Офисные сейфы КЗ;36 577;RUB
3063;Офисный сейф КЗ-0132 ТК;https://paksmet.ru/components/com_jshopping/files/img_products/thumb_111.jpg;;html;Ofisnyj-sejf-KZ-0132-TK;html;https://paksmet.ru/components/com_jshopping/files/img_products/111.jpg;<p>Сейф представляет собой сварную металлическую конструкцию, состоящую из наружного и внутреннего корпусов. Межстенное пространство корпуса и двери заполнено специальными составами, материалами и конструктивными элементами, обеспечивающими необходимую для данного изделия взломостойкость.Внутри сейфа располагается отсек ограниченного доступа (трейзер), запираемый на замок «почтового» типа и одна съемная полка. В дне сейфа предусмотрено отверстие Ø11 мм для возможности анкерного крепления его к полу. Дверь сейфа оборудована запорным механизмом с 2-х сторонней ригельной системой запирания (по 2 ригеля Ø28 мм вправо/влево), который блокируется ключевым сейфовым замком класса «А» фирмы «CAWI» или «MAUER», дополнительно к ключевому замку установлен механический кодовый замок фирмы «CAWI» производства Германии. Запорный механизм приводится в действие при помощи ручки. Петли сейфа наружные, открывание двери – на 180°.</p>;https://paksmet.ru/components/com_jshopping/files/img_products/kod-kluch.png;https://paksmet.ru/catalog/sertifikat/SS_KZ.pdf;1 съемная полка, отсек ограниченного доступа (трейзер), механический кодовый замок;645;450;395;полимерное порошковое покрытие серого цвета (RAL 7030);Сейфы;Офисные сейфы КЗ;26 573;RUB
3064;Офисный сейф КЗ-053 Т;https://paksmet.ru/components/com_jshopping/files/img_products/thumb_kz-223tk2.jpg;;html;Ofisnyj-sejf-KZ-053-T;html;https://paksmet.ru/components/com_jshopping/files/img_products/kz-223tk2.jpg;<p>Сейф представляет собой сварную металлическую конструкцию, состоящую из наружного и внутреннего корпусов. Межстенное пространство корпуса и двери заполнено специальными составами, материалами и конструктивными элементами, обеспечивающими необходимую для данного изделия взломостойкость.Внутри сейфа «КЗ 053т» располагается 1 съемная полка и отсек ограниченного доступа (трейзер), запираемый на замок почтового типа. В дне сейфа предусмотрено отверстие Ø11 мм для возможности анкерного крепления его к полу. Запирание сейфа осуществляется за счет ключевого сейфового замка класса «А» с ригельной системой — 2 активных ригеля Ø28 мм в сторону. Петли сейфа наружные, открывание двери – на 180°.</p>;;https://paksmet.ru/catalog/sertifikat/SS_KZ.pdf;1 съемная полка, отсек ограниченного доступа (трейзер);360;450;395;полимерное порошковое покрытие серого цвета (RAL 7030);Сейфы;Офисные сейфы КЗ;15 272;RUB
3065;Офисный сейф КЗ-054;https://paksmet.ru/components/com_jshopping/files/img_products/thumb_12.jpg;;html;Ofisnyj-sejf-KZ-054;html;https://paksmet.ru/components/com_jshopping/files/img_products/12.jpg;<p>Внутри сейфа «КЗ 054» располагаются 2 съемные полки. В дне сейфа предусмотрено отверстие Ø11 мм для возможности анкерного крепления его к полу. Запирание сейфа осуществляется за счет ключевого сейфового замка класса «А» с ригельной системой — 2 активных ригеля Ø28 мм в сторону и пассивный П-образный ригель со стороны петель. Петли сейфа наружные, открывание двери – на 180°.</p>;;https://paksmet.ru/catalog/sertifikat/SS_KZ.pdf;2 съемные полки;450;360;395;полимерное порошковое покрытие серого цвета (RAL 7030);Сейфы;Офисные сейфы КЗ;14 639;RUB
3066;Офисный сейф КЗ-0132;https://paksmet.ru/components/com_jshopping/files/img_products/thumb_112.jpg;;html;Ofisnyj-sejf-KZ-0132;html;https://paksmet.ru/components/com_jshopping/files/img_products/112.jpg;<p>Сейф представляет собой сварную металлическую конструкцию, состоящую из наружного и внутреннего корпусов. Межстенное пространство корпуса и двери заполнено специальными составами, материалами и конструктивными элементами, обеспечивающими необходимую для данного изделия взломостойкость.Внутри сейфа располагается одна съемная полка. В дне сейфа предусмотрено отверстие Ø11 мм для возможности анкерного крепления его к полу. Дверь сейфа оборудована запорным механизмом с 2-х сторонней ригельной системой запирания (по 2 ригеля Ø28 мм вправо/влево), который блокируется ключевым сейфовым замком класса «А» фирмы «CAWI» или «MAUER» производства Германии. Запорный механизм приводится в действие при помощи ручки. Чтобы открыть сейф необходимо: вставить ключ в замочную скважину, открыть замок и повернуть ручку на 90°. Закрывать в обратном порядке. Петли сейфа наружные, открывание двери – на 180°.</p>;https://paksmet.ru/components/com_jshopping/files/img_products/mehan.png;https://paksmet.ru/catalog/sertifikat/SS_KZ.pdf;1 съемная полка;645;450;395;полимерное порошковое покрытие серого цвета (RAL 7030);Сейфы;Офисные сейфы КЗ;19 566;RUB
3067;Офисный сейф КЗ-0132 Т;https://paksmet.ru/components/com_jshopping/files/img_products/thumb_110.jpg;;html;Ofisnyj-sejf-KZ-0132-T;html;https://paksmet.ru/components/com_jshopping/files/img_products/110.jpg;<p>Сейф представляет собой сварную металлическую конструкцию, состоящую из наружного и внутреннего корпусов. Межстенное пространство корпуса и двери заполнено специальными составами, материалами и конструктивными элементами, обеспечивающими необходимую для данного изделия взломостойкость.Внутри сейфа располагается отсек ограниченного доступа (трейзер), запираемый на замок «почтового» типа и одна съемная полка. В дне сейфа предусмотрено отверстие Ø11 мм для возможности анкерного крепления его к полу. Дверь сейфа оборудована запорным механизмом с 2-х сторонней ригельной системой запирания (по 2 ригеля Ø28 мм вправо/влево), который блокируется ключевым сейфовым замком класса «А» фирмы «CAWI» или «MAUER» производства Германии. Запорный механизм приводится в действие при помощи ручки. Чтобы открыть сейф необходимо: вставить ключ в замочную скважину, открыть замок и повернуть ручку на 90°. Закрывать в обратном порядке. Петли сейфа наружные, открывание двери – на 180°.</p>;https://paksmet.ru/components/com_jshopping/files/img_products/mehan.png;https://paksmet.ru/catalog/sertifikat/SS_KZ.pdf;1 съемная полка, отсек ограниченного доступа (трейзер);645;450;395;полимерное порошковое покрытие серого цвета (RAL 7030);Сейфы;Офисные сейфы КЗ;20 170;RUB
3068;Офисный сейф КЗ-035 ТК;https://paksmet.ru/components/com_jshopping/files/img_products/thumb_15.jpg;;html;Ofisnyj-sejf-KZ-035-TK;html;https://paksmet.ru/components/com_jshopping/files/img_products/15.jpg;<p>Сейф представляет собой сварную металлическую конструкцию, состоящую из наружного и внутреннего корпусов. Межстенное пространство корпуса и двери заполнено специальными составами, материалами и конструктивными элементами, обеспечивающими необходимую для данного изделия взломостойкость.Внутри сейфа располагается отсек ограниченного доступа (трейзер), запираемый на замок «почтового» типа и одна съемная полка. В дне сейфа предусмотрено отверстие Ø11 мм для возможности анкерного крепления его к полу. Дверь сейфа оборудована запорным механизмом с 2-х сторонней ригельной системой запирания (по 3 ригеля Ø28 мм вправо/влево), который блокируется ключевым сейфовым замком класса «А» фирмы «CAWI» или «MAUER», дополнительно к ключевому замку установлен механический кодовый замок фирмы «CAWI» производства Германии. Запорный механизм приводится в действие при помощи ручки. Петли сейфа наружные, открывание двери – на 180°.</p>;https://paksmet.ru/components/com_jshopping/files/img_products/kod-kluch.png;https://paksmet.ru/catalog/sertifikat/SS_KZ.pdf;1 съемная полка, отсек ограниченного доступа (трейзер), механический кодовый замок;745;500;445;полимерное порошковое покрытие серого цвета (RAL 7030);Сейфы;Офисные сейфы КЗ;29 831;RUB
3069;Офисный сейф КЗ-035 Т;https://paksmet.ru/components/com_jshopping/files/img_products/thumb_19.jpg;;html;Ofisnyj-sejf-KZ-035-T;html;https://paksmet.ru/components/com_jshopping/files/img_products/19.jpg;<p>Сейф представляет собой сварную металлическую конструкцию, состоящую из наружного и внутреннего корпусов. Межстенное пространство корпуса и двери заполнено специальными составами, материалами и конструктивными элементами, обеспечивающими необходимую для данного изделия взломостойкость.Внутри сейфа располагается отсек ограниченного доступа (трейзер), запираемый на замок «почтового» типа и одна съемная полка. В дне сейфа предусмотрено отверстие Ø11 мм для возможности анкерного крепления его к полу. Дверь сейфа оборудована запорным механизмом с 2-х сторонней ригельной системой запирания (по 3 ригеля Ø28 мм вправо/влево), который блокируется ключевым сейфовым замком класса «А» фирмы «CAWI» или «MAUER» производства Германии. Запорный механизм приводится в действие при помощи ручки. Чтобы открыть сейф необходимо: вставить ключ в замочную скважину, открыть замок и повернуть ручку на 90°. Закрывать в обратном порядке. Петли сейфа наружные, открывание двери – на 180°.</p>;https://paksmet.ru/components/com_jshopping/files/img_products/mehan.png;https://paksmet.ru/catalog/sertifikat/SS_KZ.pdf;1 съемная полка, отсек ограниченного доступа (трейзер);745;450;445;полимерное порошковое покрытие серого цвета (RAL 7030);Сейфы;Офисные сейфы КЗ;23 499;RUB
3070;Офисный сейф КЗ-053;https://paksmet.ru/components/com_jshopping/files/img_products/thumb_11.jpg;;html;Ofisnyj-sejf-KZ-053;html;https://paksmet.ru/components/com_jshopping/files/img_products/11.jpg;<p>Сейф представляет собой сварную металлическую конструкцию, состоящую из наружного и внутреннего корпусов. Межстенное пространство корпуса и двери заполнено специальными составами, материалами и конструктивными элементами, обеспечивающими необходимую для данного изделия взломостойкость.Внутри сейфа «КЗ 053» располагается 1 съемная полка, запираемый на замок почтового типа. В дне сейфа предусмотрено отверстие Ø11 мм для возможности анкерного крепления его к полу. Запирание сейфа осуществляется за счет ключевого сейфового замкакласса «А» с ригельной системой — 2 активных ригеля Ø28 мм в сторону и пассивный П-образный ригель со стороны петель. Петли сейфа наружные, открывание двери – на 180°.</p>;;https://paksmet.ru/catalog/sertifikat/SS_KZ.pdf;1 съемная полка;360;450;395;полимерное порошковое покрытие серого цвета (RAL 7030);Сейфы;Офисные сейфы КЗ;14 639;RUB
3071;Взломостойкий сейф ПК-30ТК;https://paksmet.ru/components/com_jshopping/files/img_products/thumb_117.jpg;;html;Vzlomostojkij-sejf-PK-30TK;html;https://paksmet.ru/components/com_jshopping/files/img_products/117.jpg;<p>Сейфы серии «ПК-30ТK» предназначены для хранения ценностей, документов, носителей информации и обеспечивают их сохранность согласно I (первому) классу изделия по взломостойкости по ГОСТ Р 50862-2017. Внутри сейфа располагается отсек ограниченного доступа (трейзер), запираемый на замок «почтового» типа и одна полка. В дне сейфа предусмотрено отверстие Ø11 мм для возможности анкерного крепления его к полу. Сейф оборудован запорным механизмом с ригельной системой запирания (4 ригеля Ø28 мм в сторону/1 вверх), который блокируется ключевым сейфовым замком класса «А» фирмы «CAWI» или «MAUER» производства Германии и механическим кодовым замком WITTKOPP, а для дополнительной защиты — со стороны петель установлен пассивный П-образный ригель. Запорный механизм приводится в действие при помощи ручки. Чтобы открыть сейф необходимо: вставить ключ в замочную скважину, открыть замок и повернуть ручку на 90°. Закрывать в обратном порядке. Сейф от криминального взлома оборудован тросовой блокировочной системой запирания, механическое воздействие на которую не допустимо, т.к. это может привести к блокированию ригельной системы запирания. Петли сейфа наружные, открывание двери – на 180 °.</p>;https://paksmet.ru/components/com_jshopping/files/img_products/kod-kluch.png;https://paksmet.ru/catalog/sertifikat/SS_PK.pdf;1 несъемная полка, отсек ограниченного доступа (трейзер);945;500;445;полимерное порошковое покрытие серого цвета (RAL 7024);Сейфы;Взломостойкие сейфы ПК (1 класс);41 851;RUB
3071;Взломостойкий сейф ПК-30ТК;https://paksmet.ru/components/com_jshopping/files/img_products/thumb_117.jpg;;html;Vzlomostojkij-sejf-PK-30TK;html;https://paksmet.ru/components/com_jshopping/files/img_products/117.jpg;<p>Сейфы серии «ПК-30ТK» предназначены для хранения ценностей, документов, носителей информации и обеспечивают их сохранность согласно I (первому) классу изделия по взломостойкости по ГОСТ Р 50862-2017. Внутри сейфа располагается отсек ограниченного доступа (трейзер), запираемый на замок «почтового» типа и одна полка. В дне сейфа предусмотрено отверстие Ø11 мм для возможности анкерного крепления его к полу. Сейф оборудован запорным механизмом с ригельной системой запирания (4 ригеля Ø28 мм в сторону/1 вверх), который блокируется ключевым сейфовым замком класса «А» фирмы «CAWI» или «MAUER» производства Германии и механическим кодовым замком WITTKOPP, а для дополнительной защиты — со стороны петель установлен пассивный П-образный ригель. Запорный механизм приводится в действие при помощи ручки. Чтобы открыть сейф необходимо: вставить ключ в замочную скважину, открыть замок и повернуть ручку на 90°. Закрывать в обратном порядке. Сейф от криминального взлома оборудован тросовой блокировочной системой запирания, механическое воздействие на которую не допустимо, т.к. это может привести к блокированию ригельной системы запирания. Петли сейфа наружные, открывание двери – на 180 °.</p>;https://paksmet.ru/components/com_jshopping/files/img_products/kod-kluch.png;https://paksmet.ru/catalog/pasport/WITTKOPP.docx;1 несъемная полка, отсек ограниченного доступа (трейзер);945;500;445;полимерное порошковое покрытие серого цвета (RAL 7024);Сейфы;Взломостойкие сейфы ПК (1 класс);41 851;RUB
3072;Взломостойкий сейф ПК-53;https://paksmet.ru/components/com_jshopping/files/img_products/thumb_115.jpg;;html;Vzlomostojkij-sejf-PK-53;html;https://paksmet.ru/components/com_jshopping/files/img_products/115.jpg;<p>Сейфы серии «ПК-53» предназначены для хранения ценностей, документов, носителей информации и обеспечивают их сохранность согласно I (первому) классу изделия по взломостойкости по ГОСТ Р 50862-2017. Внутри сейфа «ПК-53» располагается 1 съемная полка. В дне сейфа предусмотрено отверстие Ø11 мм для возможности анкерного крепления его к полу. Запирание сейфа осуществляется за счет сейфового замка с 3-х сторонней ригельной системой (2 ригеля Ø28 мм в сторону/1 вверх), а для дополнительной защиты — со стороны петель установлен пассивный П-образный ригель. Петли сейфа наружные, открывание двери – на 180 °. </p>;https://paksmet.ru/components/com_jshopping/files/img_products/mehan53.png;https://paksmet.ru/catalog/sertifikat/SS_PK.pdf;1 несъемная полка;360;450;395;полимерное порошковое покрытие серого цвета (RAL 7024);Сейфы;Взломостойкие сейфы ПК (1 класс);20 595;RUB
3073;Взломостойкий сейф ПК-30Т;https://paksmet.ru/components/com_jshopping/files/img_products/thumb_118.jpg;;html;Vzlomostojkij-sejf-PK-30T;html;https://paksmet.ru/components/com_jshopping/files/img_products/118.jpg;<p>Сейфы серии «ПК-30Т» предназначены для хранения ценностей, документов, носителей информации и обеспечивают их сохранность согласно I (первому) классу изделия по взломостойкости по ГОСТ Р 50862-2017. Внутри сейфа располагается отсек ограниченного доступа (трейзер), запираемый на замок «почтового» типа и одна полка. В дне сейфа предусмотрено отверстие Ø11 мм для возможности анкерного крепления его к полу. Сейф оборудован запорным механизмом с ригельной системой запирания (4 ригеля Ø28 мм в сторону/1 вверх), который блокируется ключевым сейфовым замком класса «А» фирмы «CAWI» или «MAUER» производства Германии, а для дополнительной защиты — со стороны петель установлен пассивный П-образный ригель. Запорный механизм приводится в действие при помощи ручки. Чтобы открыть сейф необходимо: вставить ключ в замочную скважину, открыть замок и повернуть ручку на 90°. Закрывать в обратном порядке. Сейф от криминального взлома оборудован тросовой блокировочной системой запирания, механическое воздействие на которую не допустимо, т.к. это может привести к блокированию ригельной системы запирания. Петли сейфа наружные, открывание двери – на 180 °.</p>;https://paksmet.ru/components/com_jshopping/files/img_products/mehan.png;https://paksmet.ru/catalog/sertifikat/SS_PK.pdf;1 несъемная полка, отсек ограниченного доступа (трейзер);945;500;445;полимерное порошковое покрытие серого цвета (RAL 7024);Сейфы;Взломостойкие сейфы ПК (1 класс);35 793;RUB
3074;Взломостойкий сейф ПК-20ТК;https://paksmet.ru/components/com_jshopping/files/img_products/thumb_120.jpg;;html;Vzlomostojkij-sejf-PK-20TK;html;https://paksmet.ru/components/com_jshopping/files/img_products/120.jpg;<p>Сейфы серии «ПК-20ТК» предназначены для хранения ценностей, документов, носителей информации и обеспечивают их сохранность согласно I (первому) классу изделия по взломостойкости по ГОСТ Р 50862-2017. Внутри сейфа располагается отсек ограниченного доступа (трейзер), запираемый на замок «почтового» типа и одна полка. В дне сейфа предусмотрено отверстие Ø11 мм для возможности анкерного крепления его к полу. Сейф оборудован запорным механизмом с ригельной системой запирания (2 ригеля Ø28 мм в сторону/1 вверх), который блокируется ключевым сейфовым замком класса «А» фирмы «CAWI» или «MAUER» производства Германии и механическим кодовым замком WITTKOPP, а для дополнительной защиты — со стороны петель установлен пассивный П-образный ригель. Запорный механизм приводится в действие при помощи ручки. Чтобы открыть сейф необходимо: вставить ключ в замочную скважину, открыть замок и повернуть ручку на 90°. Закрывать в обратном порядке. Сейф от криминального взлома оборудован тросовой блокировочной системой запирания, механическое воздействие на которую не допустимо, т.к. это может привести к блокированию ригельной системы запирания. Петли сейфа наружные, открывание двери – на 180 °.</p>;https://paksmet.ru/components/com_jshopping/files/img_products/kod-kluch.png;https://paksmet.ru/catalog/sertifikat/SS_PK.pdf;1 несъемная полка, отсек ограниченного доступа (трейзер);745;500;445;полимерное порошковое покрытие серого цвета (RAL 7024);Сейфы;Взломостойкие сейфы ПК (1 класс);34 760;RUB
3074;Взломостойкий сейф ПК-20ТК;https://paksmet.ru/components/com_jshopping/files/img_products/thumb_120.jpg;;html;Vzlomostojkij-sejf-PK-20TK;html;https://paksmet.ru/components/com_jshopping/files/img_products/120.jpg;<p>Сейфы серии «ПК-20ТК» предназначены для хранения ценностей, документов, носителей информации и обеспечивают их сохранность согласно I (первому) классу изделия по взломостойкости по ГОСТ Р 50862-2017. Внутри сейфа располагается отсек ограниченного доступа (трейзер), запираемый на замок «почтового» типа и одна полка. В дне сейфа предусмотрено отверстие Ø11 мм для возможности анкерного крепления его к полу. Сейф оборудован запорным механизмом с ригельной системой запирания (2 ригеля Ø28 мм в сторону/1 вверх), который блокируется ключевым сейфовым замком класса «А» фирмы «CAWI» или «MAUER» производства Германии и механическим кодовым замком WITTKOPP, а для дополнительной защиты — со стороны петель установлен пассивный П-образный ригель. Запорный механизм приводится в действие при помощи ручки. Чтобы открыть сейф необходимо: вставить ключ в замочную скважину, открыть замок и повернуть ручку на 90°. Закрывать в обратном порядке. Сейф от криминального взлома оборудован тросовой блокировочной системой запирания, механическое воздействие на которую не допустимо, т.к. это может привести к блокированию ригельной системы запирания. Петли сейфа наружные, открывание двери – на 180 °.</p>;https://paksmet.ru/components/com_jshopping/files/img_products/kod-kluch.png;https://paksmet.ru/catalog/pasport/WITTKOPP.docx;1 несъемная полка, отсек ограниченного доступа (трейзер);745;500;445;полимерное порошковое покрытие серого цвета (RAL 7024);Сейфы;Взломостойкие сейфы ПК (1 класс);34 760;RUB
3075;Взломостойкий сейф ПК-20Т;https://paksmet.ru/components/com_jshopping/files/img_products/thumb_119.jpg;;html;Vzlomostojkij-sejf-PK-20T;html;https://paksmet.ru/components/com_jshopping/files/img_products/119.jpg;<p>Сейфы серии «ПК-20Т» предназначены для хранения ценностей, документов, носителей информации и обеспечивают их сохранность согласно I (первому) классу изделия по взломостойкости по ГОСТ Р 50862-2017. Внутри сейфа располагается отсек ограниченного доступа (трейзер), запираемый на замок «почтового» типа и одна полка. В дне сейфа предусмотрено отверстие Ø11 мм для возможности анкерного крепления его к полу. Сейф оборудован запорным механизмом с ригельной системой запирания (2 ригеля Ø28 мм в сторону/1 вверх), который блокируется ключевым сейфовым замком класса «А» фирмы «CAWI» или «MAUER» производства Германии, а для дополнительной защиты — со стороны петель установлен пассивный П-образный ригель. Запорный механизм приводится в действие при помощи ручки. Чтобы открыть сейф необходимо: вставить ключ в замочную скважину, открыть замок и повернуть ручку на 90°. Закрывать в обратном порядке. Сейф от криминального взлома оборудован тросовой блокировочной системой запирания, механическое воздействие на которую не допустимо, т.к. это может привести к блокированию ригельной системы запирания. Петли сейфа наружные, открывание двери – на 180 °.</p>;https://paksmet.ru/components/com_jshopping/files/img_products/mehan.png;https://paksmet.ru/catalog/sertifikat/SS_PK.pdf;1 несъемная полка, отсек ограниченного доступа (трейзер);745;500;445;полимерное порошковое покрытие серого цвета (RAL 7024);Сейфы;Взломостойкие сейфы ПК (1 класс);28 696;RUB
3076;Взломостойкий сейф ПК-10Т;https://paksmet.ru/components/com_jshopping/files/img_products/thumb_113.jpg;;html;Vzlomostojkij-sejf-PK-10T;html;https://paksmet.ru/components/com_jshopping/files/img_products/113.jpg;<p>Сейфы серии «ПК-10Т» предназначены для хранения ценностей, документов, носителей информации и обеспечивают их сохранность согласно I (первому) классу изделия по взломостойкости по ГОСТ Р 50862-2017. Внутри сейфа располагается отсек ограниченного доступа (трейзер), запираемый на замок «почтового» типа и одна съемная полка. В дне сейфа предусмотрено отверстие Ø11 мм для возможности анкерного крепления его к полу. Сейф оборудован запорным механизмом с ригельной системой запирания (2 ригеля Ø28 мм в сторону/1 вверх), который блокируется ключевым сейфовым замком класса «А» фирмы «CAWI» или «MAUER» производства Германии, а для дополнительной защиты — со стороны петель установлен пассивный П-образный ригель. Запорный механизм приводится в действие при помощи ручки. Чтобы открыть сейф необходимо: вставить ключ в замочную скважину, открыть замок и повернуть ручку на 90°. Закрывать в обратном порядке. Сейф от криминального взлома оборудован тросовой блокировочной системой запирания, механическое воздействие на которую не допустимо, т.к. это может привести к блокированию ригельной системы запирания. Петли сейфа наружные, открывание двери – на 180 °</p>;https://paksmet.ru/components/com_jshopping/files/img_products/mehan.png;https://paksmet.ru/catalog/sertifikat/SS_PK.pdf;1 съемная полка, отсек ограниченного доступа (трейзер);645;450;395;полимерное порошковое покрытие серого цвета (RAL 7024);Сейфы;Взломостойкие сейфы ПК (1 класс);25 573;RUB
3077;Сейф офисный КМ-1200т;https://paksmet.ru/components/com_jshopping/files/img_products/thumb_km_1200t..jpg;;html;Sejf-ofisnyj-KM-1200t;html;https://paksmet.ru/components/com_jshopping/files/img_products/km_1200t..jpg;<p>Сейф КМ 1200т представляет собой сварную металлическую конструкцию. Корпус изготовлен из стального листа толщиной 2,5 мм, дверь — из листа 5 мм, изнутри усиленная панелью толщиной 1,4 мм. Сейф оснащен отсеком ограниченного доступа (трейзер), который расположен в верхней части шкафа, запираемый на замок почтового типа. Возможно крепление к стене (наличие отверстия в тыльной части). Система запирания двери имеет 2 активных ригеля в сторону, в совокупности с высококачественным замком (производство Германия). Петли сейфа — внутренние.</p>;https://paksmet.ru/components/com_jshopping/files/img_products/km_1200t.jpg;https://paksmet.ru/catalog/sertifikat/SS_KM.pdf;2 съемные полки, отсек ограниченного доступа (трейзер);1200;473;400;темный серый;Сейфы;Офисные сейфы КМ;19 753;RUB
3077;Сейф офисный КМ-1200т;https://paksmet.ru/components/com_jshopping/files/img_products/thumb_km_1200t..jpg;;html;Sejf-ofisnyj-KM-1200t;html;https://paksmet.ru/components/com_jshopping/files/img_products/km_1200t..jpg;<p>Сейф КМ 1200т представляет собой сварную металлическую конструкцию. Корпус изготовлен из стального листа толщиной 2,5 мм, дверь — из листа 5 мм, изнутри усиленная панелью толщиной 1,4 мм. Сейф оснащен отсеком ограниченного доступа (трейзер), который расположен в верхней части шкафа, запираемый на замок почтового типа. Возможно крепление к стене (наличие отверстия в тыльной части). Система запирания двери имеет 2 активных ригеля в сторону, в совокупности с высококачественным замком (производство Германия). Петли сейфа — внутренние.</p>;https://paksmet.ru/components/com_jshopping/files/img_products/km_1200t...jpg;https://paksmet.ru/catalog/sertifikat/SS_KM.pdf;2 съемные полки, отсек ограниченного доступа (трейзер);1200;473;400;темный серый;Сейфы;Офисные сейфы КМ;19 753;RUB
3077;Сейф офисный КМ-1200т;https://paksmet.ru/components/com_jshopping/files/img_products/thumb_km_1200t..jpg;;html;Sejf-ofisnyj-KM-1200t;html;https://paksmet.ru/components/com_jshopping/files/img_products/km_1200t..jpg;<p>Сейф КМ 1200т представляет собой сварную металлическую конструкцию. Корпус изготовлен из стального листа толщиной 2,5 мм, дверь — из листа 5 мм, изнутри усиленная панелью толщиной 1,4 мм. Сейф оснащен отсеком ограниченного доступа (трейзер), который расположен в верхней части шкафа, запираемый на замок почтового типа. Возможно крепление к стене (наличие отверстия в тыльной части). Система запирания двери имеет 2 активных ригеля в сторону, в совокупности с высококачественным замком (производство Германия). Петли сейфа — внутренние.</p>;https://paksmet.ru/components/com_jshopping/files/img_products/km-mehan.png;https://paksmet.ru/catalog/sertifikat/SS_KM.pdf;2 съемные полки, отсек ограниченного доступа (трейзер);1200;473;400;темный серый;Сейфы;Офисные сейфы КМ;19 753;RUB
3078;Сейф офисный КМ-1200т/2;https://paksmet.ru/components/com_jshopping/files/img_products/thumb_km_12002t.jpg;;html;Sejf-ofisnyj-KM-1200t/2;html;https://paksmet.ru/components/com_jshopping/files/img_products/km_12002t.jpg;<p>Сейф КМ 1200т/2 представляет собой сварную двух секционную металлическую конструкцию. Корпус изготовлен из стального листа толщиной 2,5 мм, дверь — из листа 5 мм, изнутри усиленная панелью толщиной 1,4 мм. Сейф оснащен отсеком ограниченного доступа (трейзер), который расположен в верхней части шкафа, запираемый на замок почтового типа. Возможно крепление к стене (наличие отверстия в тыльной части). Система запирания двери имеет 2 активных ригеля в сторону, в совокупности с высококачественным замком (производство Германия). Петли сейфа — внутренние.</p>;https://paksmet.ru/components/com_jshopping/files/img_products/km-mehan.png;https://paksmet.ru/catalog/sertifikat/SS_KM.pdf;2 съемные полки, отсек ограниченного доступа (трейзер);1200;473;400;темный серый;Сейфы;Офисные сейфы КМ;23 188;RUB
3079;Сейф офисный КМ-900т;https://paksmet.ru/components/com_jshopping/files/img_products/thumb_km-900.jpg;;html;Sejf-ofisnyj-KM-900t;html;https://paksmet.ru/components/com_jshopping/files/img_products/km-900.jpg;<p>Сейф КМ 900т представляет собой сварную металлическую конструкцию. Корпус изготовлен из стального листа толщиной 2 мм, дверь — из листа 5 мм, изнутри усиленная панелью толщиной 1,4 мм. Сейф оснащен отсеком ограниченного доступа (трейзер), который расположен в верхней части шкафа, запираемый на замок почтового типа. Возможно крепление к стене (наличие отверстия в тыльной части). Система запирания двери имеет 2 активных ригеля в сторону, в совокупности с высококачественным замком (производство Германия). Петли сейфа — внутренние.</p>;https://paksmet.ru/components/com_jshopping/files/img_products/km-mehan.png;https://paksmet.ru/catalog/sertifikat/SS_KM.pdf;2 съемные полки, отсек ограниченного доступа (трейзер);900;470;400;темный серый;Сейфы;Офисные сейфы КМ;17 443;RUB
3080;Сейф офисный КМ-620т;https://paksmet.ru/components/com_jshopping/files/img_products/thumb_KM_620_2.jpg;;html;Sejf-ofisnyj-KM-620t;html;https://paksmet.ru/components/com_jshopping/files/img_products/KM_620_2.jpg;<p>Сейф КМ 620т представляет собой сварную металлическую конструкцию. Корпус изготовлен из стального листа толщиной 2 мм, дверь — из листа 5 мм, изнутри усиленная панелью толщиной 1,4 мм. Сейф оснащен отсеком ограниченного доступа (трейзер), который расположен в верхней части шкафа, запираемый на замок почтового типа. Возможно крепление к стене (наличие отверстия в тыльной части). Система запирания двери имеет 2 активных ригеля в сторону, в совокупности с высококачественным замком (производство Германия). Петли сейфа — внутренние.</p>;https://paksmet.ru/components/com_jshopping/files/img_products/km-mehan.png;https://paksmet.ru/catalog/sertifikat/SS_KM.pdf;1 съемная полка, отсек ограниченного доступа (трейзер);620;430;375;темный серый;Сейфы;Офисные сейфы КМ;13 557;RUB
3081;Сейф офисный КМ-310;https://paksmet.ru/components/com_jshopping/files/img_products/thumb_km-310.jpg;;html;Sejf-ofisnyj-KM-310;html;https://paksmet.ru/components/com_jshopping/files/img_products/km-310.jpg;<p>Сейф КМ 310 представляет собой сварную металлическую конструкцию. Корпус изготовлен из стального листа толщиной 2 мм, дверь — из листа 5 мм, изнутри усиленная панелью толщиной 1,4 мм. Система запирания двери имеет 2 активных ригеля в сторону, в совокупности с высококачественным замком (производство Германия). Петли сейфа — внутренние.</p>;https://paksmet.ru/components/com_jshopping/files/img_products/km-mehan.png;https://paksmet.ru/catalog/sertifikat/SS_KM.pdf;1 съемная полка;310;430;375;темный серый;Сейфы;Офисные сейфы КМ;9 346;RUB
3082;Сейф офисный КМ-260;https://paksmet.ru/components/com_jshopping/files/img_products/thumb_km-260.jpg;;html;Sejf-ofisnyj-KM-260;html;https://paksmet.ru/components/com_jshopping/files/img_products/km-260.jpg;<p>Сейф КМ 260 представляет собой сварную металлическую конструкцию. Корпус изготовлен из стального листа толщиной 2 мм, дверь — из листа 5 мм, изнутри усиленная панелью толщиной 1,4 мм. Система запирания двери имеет 2 активных ригеля в сторону, в совокупности с высококачественным замком (производство Германия). Петли сейфа — внутренние.</p>;https://paksmet.ru/components/com_jshopping/files/img_products/km-mehan.png;https://paksmet.ru/catalog/sertifikat/SS_KM.pdf;1 съемная полка;260;360;290;темный серый;Сейфы;Офисные сейфы КМ;8 284;RUB
3083;Мебельный сейф Д-40ме-002;https://paksmet.ru/components/com_jshopping/files/img_products/thumb___-40____.png;;html;Mebel'nyj-sejf-D-40me-002;html;https://paksmet.ru/components/com_jshopping/files/img_products/__-40____.png;<p>Мебельный сейф Д-40ме-002 предназначен для хранения документов, материальных ценностей, а также гражданского малогабаритного огнестрельного и холодного оружия. Корпус шкафа изготовлен из стального листа толщиной 1,5 мм, а дверь  из стального листа толщиной 3мм. Внутри шкафа располагается 1 съемная полка. Для возможности анкерного крепления на задней стенке и днище шкафа предусмотрены отверстия  диаметром 7 мм. При необходимости, для предотвращения скольжения шкафа и сохранения поверхности на которой он стоит, на днище шкафа можно наклеить самоклеящиеся накладки (опоры), входящие в комплект поставки. Сейф оборудован электронным кодовым замком с системой защиты от подбора кода и звуковым и световым оповещением. Окраска изделия- полимерное порошковое покрытие, цвет- RAL 7030.</p>;;https://paksmet.ru/catalog/sertifikat/DS_Kontur.pdf;1 съемная полка;400;400;360;полимерное порошковое покрытие серого цвета RAL 7030;Сейфы;Мебельные сейфы с электронным замком;7 553;RUB
3084;Мебельный сейф Д-29ме-002;https://paksmet.ru/components/com_jshopping/files/img_products/thumb_d29me2__1_.jpg;;html;Mebel'nyj-sejf-D-29me-002;html;https://paksmet.ru/components/com_jshopping/files/img_products/d29me2__1_.jpg;<p>Мебельный сейф Д-29ме-002 предназначен для хранения документов, материальных ценностей, а также гражданского малогабаритного огнестрельного и холодного оружия. Корпус шкафа изготовлен из стального листа толщиной 1,5 мм, а дверь  из стального листа толщиной 3мм. Внутри шкафа располагается 1 съемная полка. Для возможности анкерного крепления на задней стенке и днище шкафа предусмотрены отверстия  диаметром 7 мм. При необходимости, для предотвращения скольжения шкафа и сохранения поверхности на которой он стоит, на днище шкафа можно наклеить самоклеящиеся накладки (опоры), входящие в комплект поставки. Сейф оборудован электронным кодовым замком с системой защиты от подбора кода и звуковым и световым оповещением. Окраска изделия- полимерное порошковое покрытие, цвет- RAL 7030.</p>;https://paksmet.ru/components/com_jshopping/files/img_products/d29me.jpg;https://paksmet.ru/catalog/sertifikat/DS_Kontur.pdf;1 съемная полка;290;350;300;полимерное порошковое покрытие серого цвета RAL 7030;Сейфы;Мебельные сейфы с электронным замком;6 783;RUB
3085;Мебельный сейф Д-24ме-002;https://paksmet.ru/components/com_jshopping/files/img_products/thumb_d24me.png;;html;Mebel'nyj-sejf-D-24me-002;html;https://paksmet.ru/components/com_jshopping/files/img_products/d24me.png;<p>Мебельный сейф Д-24ме-002 предназначен для хранения документов, материальных ценностей, а также гражданского малогабаритного огнестрельного и холодного оружия. Корпус шкафа изготовлен из стального листа толщиной 1,5 мм, а дверь  из стального листа толщиной 3мм. Внутри шкафа располагается 1 съемная полка. Для возможности анкерного крепления на задней стенке и днище шкафа предусмотрены отверстия  диаметром 7 мм. При необходимости, для предотвращения скольжения шкафа и сохранения поверхности на которой он стоит, на днище шкафа можно наклеить самоклеящиеся накладки (опоры), входящие в комплект поставки. Сейф оборудован электронным кодовым замком с системой защиты от подбора кода и звуковым и световым оповещением. Окраска изделия- полимерное порошковое покрытие, цвет- RAL 7030.</p>;https://paksmet.ru/components/com_jshopping/files/img_products/d24me2.png;https://paksmet.ru/catalog/sertifikat/DS_Kontur.pdf;1 съемная полка;240;310;260;полимерное порошковое покрытие серого цвета RAL 7030;Сейфы;Мебельные сейфы с электронным замком;5 928;RUB
3086;Мебельный сейф Д-18ме-003;https://paksmet.ru/components/com_jshopping/files/img_products/thumb_d18me.png;;html;Mebel'nyj-sejf-D-18me-003;html;https://paksmet.ru/components/com_jshopping/files/img_products/d18me.png;<p>Мебельный сейф Д-18ме-003 предназначен для хранения документов, материальных ценностей, а также гражданского малогабаритного огнестрельного и холодного оружия. Корпус шкафа изготовлен из стального листа толщиной 1,5 мм, а дверь  из стального листа толщиной 3мм. Для возможности анкерного крепления на задней стенке и днище шкафа предусмотрены отверстия  диаметром 7 мм. При необходимости, для предотвращения скольжения шкафа и сохранения поверхности на которой он стоит, на днище шкафа можно наклеить самоклеящиеся накладки (опоры), входящие в комплект поставки. Сейф оборудован электронным кодовым замком с системой защиты от подбора кода и звуковым и световым оповещением. Окраска изделия- полимерное порошковое покрытие, цвет- RAL 7030.</p>;https://paksmet.ru/components/com_jshopping/files/img_products/d18me2.png;https://paksmet.ru/catalog/sertifikat/DS_Kontur.pdf;;180;270;240;полимерное порошковое покрытие серого цвета RAL 7030;Сейфы;Мебельные сейфы с электронным замком;5 547;RUB
3087;Оружейный шкаф КО-037т на 2 ружья;https://paksmet.ru/components/com_jshopping/files/img_products/thumb_full_ko-037t21.jpg;;html;Oruzhejnyj-shkaf-KO-037t-na-2-ruzh'ja;html;https://paksmet.ru/components/com_jshopping/files/img_products/full_ko-037t21.jpg;<p>Шкаф предназначен для хранения и ограничения несанкционированного доступа к гражданскому и служебному оружию, боеприпасам и принадлежностям.Шкафы представляют собой цельносварную металлическую конструкцию, соединение элементов которой выполнены методом сварки сплошным швом по контуру прилегания элементов. Глубина шкафа, расстояние между полками, угол открывания двери подобраны для рационального размещения оружия, боеприпасов и других принадлежностей.Внутреннее пространство шкафа «КО-037т» разделено вертикальной перегородкой на два отсека: в левом отсеке расположены 3 съемные, регулируемые по высоте полки и закрываемое на ключ встроенное отделение (трейзер), предназначенное для хранения патронов, документов и т.д., а правое отделение оборудовано 2-мя комплектами пластиковых ложементов, предназначенных для упорядоченной укладки оружия и позволяющие сберечь оружие от царапин и потертостей. На задней стенке шкафа предусмотрены 2 отверстия Ø 7 мм для возможности крепления его к стене.Корпус шкафа изготовлен из стального листа толщиной 1,5 мм, полотно двери — из листа толщиной 2 мм. Полотно двери изнутри усилено панелью коробчатого сечения из стального листа толщиной 0,8 мм, на которой располагаются дополнительные элементы, такие как: шомполодержатель, скоба, масленка.В шкафу установлено два 8-ми сувальдных замка фирмы «ПРО САМ» (Россия) с классом устойчивости 2 по ГОСТ 5089-2003. Петли – внутренние. Покрытие шкафа – порошковое полимерное, цвет в стандартном исполнении — «Медный антик».Шкаф не подлежит обязательному декларированию или сертификации.</p>;https://paksmet.ru/components/com_jshopping/files/img_products/ko-037t.jpg;https://paksmet.ru/catalog/pasport/pasport_ko.jpg;3 съемные полки, 2 ложемента для укладки оружия;1400;360;280;полимерное порошковое покрытие «медный антик»;Сейфы;Оружейные шкафы;14 149;RUB
3087;Оружейный шкаф КО-037т на 2 ружья;https://paksmet.ru/components/com_jshopping/files/img_products/thumb_full_ko-037t21.jpg;;html;Oruzhejnyj-shkaf-KO-037t-na-2-ruzh'ja;html;https://paksmet.ru/components/com_jshopping/files/img_products/full_ko-037t21.jpg;<p>Шкаф предназначен для хранения и ограничения несанкционированного доступа к гражданскому и служебному оружию, боеприпасам и принадлежностям.Шкафы представляют собой цельносварную металлическую конструкцию, соединение элементов которой выполнены методом сварки сплошным швом по контуру прилегания элементов. Глубина шкафа, расстояние между полками, угол открывания двери подобраны для рационального размещения оружия, боеприпасов и других принадлежностей.Внутреннее пространство шкафа «КО-037т» разделено вертикальной перегородкой на два отсека: в левом отсеке расположены 3 съемные, регулируемые по высоте полки и закрываемое на ключ встроенное отделение (трейзер), предназначенное для хранения патронов, документов и т.д., а правое отделение оборудовано 2-мя комплектами пластиковых ложементов, предназначенных для упорядоченной укладки оружия и позволяющие сберечь оружие от царапин и потертостей. На задней стенке шкафа предусмотрены 2 отверстия Ø 7 мм для возможности крепления его к стене.Корпус шкафа изготовлен из стального листа толщиной 1,5 мм, полотно двери — из листа толщиной 2 мм. Полотно двери изнутри усилено панелью коробчатого сечения из стального листа толщиной 0,8 мм, на которой располагаются дополнительные элементы, такие как: шомполодержатель, скоба, масленка.В шкафу установлено два 8-ми сувальдных замка фирмы «ПРО САМ» (Россия) с классом устойчивости 2 по ГОСТ 5089-2003. Петли – внутренние. Покрытие шкафа – порошковое полимерное, цвет в стандартном исполнении — «Медный антик».Шкаф не подлежит обязательному декларированию или сертификации.</p>;https://paksmet.ru/components/com_jshopping/files/img_products/ko-037t.jpg;https://paksmet.ru/catalog/sertifikat/Info_KO.jpg;3 съемные полки, 2 ложемента для укладки оружия;1400;360;280;полимерное порошковое покрытие «медный антик»;Сейфы;Оружейные шкафы;14 149;RUB
3088;Оружейный шкаф КО-038т на 3 ружья;https://paksmet.ru/components/com_jshopping/files/img_products/thumb_full_full_ko032t11.jpg;;html;Oruzhejnyj-shkaf-KO-038t-na-3-ruzh'ja;html;https://paksmet.ru/components/com_jshopping/files/img_products/full_full_ko032t11.jpg;<p>Шкаф предназначен для хранения и ограничения несанкционированного доступа к гражданскому и служебному оружию, боеприпасам и принадлежностям. Шкафы представляют собой цельносварную металлическую конструкцию, соединение элементов которой выполнены методом сварки сплошным швом по контуру прилегания элементов. Глубина шкафа, расстояние между полками, угол открывания двери подобраны для рационального размещения оружия, боеприпасов и других принадлежностей.Внутреннее пространство шкафа «КО-038т» разделено вертикальной перегородкой на два отсека: в левом отсеке расположены 3 съемные, регулируемые по высоте полки и закрываемое на ключ встроенное отделение (трейзер), предназначенное для хранения патронов, документов и т.д., а правое отделение оборудовано 3-мя комплектами пластиковых ложементов, предназначенных для упорядоченной укладки оружия и позволяющие сберечь оружие от царапин и потертостей. На задней стенке шкафа предусмотрены 2 отверстия Ø 7 мм для возможности крепления его к стене.Корпус шкафа изготовлен из стального листа толщиной 1,5 мм, полотно двери — из листа толщиной 2 мм. Полотно двери изнутри усилено панелью коробчатого сечения из стального листа толщиной 0,8 мм, на которой располагаются дополнительные элементы, такие как: шомполодержатель, скоба, масленка. В шкафу установлено два 8-ми сувальдных замка фирмы «ПРО САМ» (Россия) с классом устойчивости 2 по ГОСТ 5089-2003. Петли – внутренние. Покрытие шкафа – порошковое полимерное, цвет в стандартном исполнении — «Медный антик».Шкаф не подлежит обязательному декларированию или сертификации.</p>;https://paksmet.ru/components/com_jshopping/files/img_products/ko-038t.jpg;https://paksmet.ru/catalog/pasport/pasport_ko.jpg;3 съемные полки, 3 ложемента для укладки оружия;1400;430;280;полимерное порошковое покрытие «медный антик»;Сейфы;Оружейные шкафы;15 217;RUB
3088;Оружейный шкаф КО-038т на 3 ружья;https://paksmet.ru/components/com_jshopping/files/img_products/thumb_full_full_ko032t11.jpg;;html;Oruzhejnyj-shkaf-KO-038t-na-3-ruzh'ja;html;https://paksmet.ru/components/com_jshopping/files/img_products/full_full_ko032t11.jpg;<p>Шкаф предназначен для хранения и ограничения несанкционированного доступа к гражданскому и служебному оружию, боеприпасам и принадлежностям. Шкафы представляют собой цельносварную металлическую конструкцию, соединение элементов которой выполнены методом сварки сплошным швом по контуру прилегания элементов. Глубина шкафа, расстояние между полками, угол открывания двери подобраны для рационального размещения оружия, боеприпасов и других принадлежностей.Внутреннее пространство шкафа «КО-038т» разделено вертикальной перегородкой на два отсека: в левом отсеке расположены 3 съемные, регулируемые по высоте полки и закрываемое на ключ встроенное отделение (трейзер), предназначенное для хранения патронов, документов и т.д., а правое отделение оборудовано 3-мя комплектами пластиковых ложементов, предназначенных для упорядоченной укладки оружия и позволяющие сберечь оружие от царапин и потертостей. На задней стенке шкафа предусмотрены 2 отверстия Ø 7 мм для возможности крепления его к стене.Корпус шкафа изготовлен из стального листа толщиной 1,5 мм, полотно двери — из листа толщиной 2 мм. Полотно двери изнутри усилено панелью коробчатого сечения из стального листа толщиной 0,8 мм, на которой располагаются дополнительные элементы, такие как: шомполодержатель, скоба, масленка. В шкафу установлено два 8-ми сувальдных замка фирмы «ПРО САМ» (Россия) с классом устойчивости 2 по ГОСТ 5089-2003. Петли – внутренние. Покрытие шкафа – порошковое полимерное, цвет в стандартном исполнении — «Медный антик».Шкаф не подлежит обязательному декларированию или сертификации.</p>;https://paksmet.ru/components/com_jshopping/files/img_products/ko-038t.jpg;https://paksmet.ru/catalog/sertifikat/Info_KO.jpg;3 съемные полки, 3 ложемента для укладки оружия;1400;430;280;полимерное порошковое покрытие «медный антик»;Сейфы;Оружейные шкафы;15 217;RUB
3089;Оружейный шкаф КО-036т на 3 ружья;https://paksmet.ru/components/com_jshopping/files/img_products/thumb_ko-036t-open.jpg;;html;Oruzhejnyj-shkaf-KO-036t-na-3-ruzh'ja;html;https://paksmet.ru/components/com_jshopping/files/img_products/ko-036t-open.jpg;<p>Шкаф предназначен для хранения и ограничения несанкционированного доступа к гражданскому и служебному оружию, боеприпасам и принадлежностям. Шкафы представляют собой цельносварную металлическую конструкцию, соединение элементов которой выполнены методом сварки сплошным швом по контуру прилегания элементов. Корпус шкафа изготовлен из стального листа толщиной 1,5 мм, полотно двери — из листа толщиной 2 мм.Полотно двери изнутри усилено панелью коробчатого сечения из стального листа толщиной 0,8 мм, на которой располагаются дополнительные элементы, такие как: шомполодержатель, скоба, масленка. В верхней части шкафа «КО-036т» располагается отсек ограниченного доступа (трейзер), запираемый на замок «почтового» типа, а остальное пространство шкафа занимают 3 комплекта пластиковых ложементов (верхний и нижний), предназначенных для упорядоченной укладки оружия и позволяющие сберечь оружие от царапин и потертостей.На задней стенке шкафа предусмотрены 2 отверстия Ø 7 мм для возможности крепления его к стене. В шкафу установлено два 8-ми сувальдных замка фирмы «ПРО САМ» (Россия) с классом устойчивости 2 по ГОСТ 5089-2003. Петли – внутренние. Покрытие шкафа – порошковое полимерное, цвет в стандартном исполнении — «Медный антик».Шкаф не подлежит обязательному декларированию или сертификации.</p>;https://paksmet.ru/components/com_jshopping/files/img_products/ko-036t-close.jpg;https://paksmet.ru/catalog/pasport/pasport_ko.jpg;3 ложемента для укладки оружия;1550;250;280;полимерное порошковое покрытие «медный антик»;Сейфы;Оружейные шкафы;12 318;RUB
3089;Оружейный шкаф КО-036т на 3 ружья;https://paksmet.ru/components/com_jshopping/files/img_products/thumb_ko-036t-open.jpg;;html;Oruzhejnyj-shkaf-KO-036t-na-3-ruzh'ja;html;https://paksmet.ru/components/com_jshopping/files/img_products/ko-036t-open.jpg;<p>Шкаф предназначен для хранения и ограничения несанкционированного доступа к гражданскому и служебному оружию, боеприпасам и принадлежностям. Шкафы представляют собой цельносварную металлическую конструкцию, соединение элементов которой выполнены методом сварки сплошным швом по контуру прилегания элементов. Корпус шкафа изготовлен из стального листа толщиной 1,5 мм, полотно двери — из листа толщиной 2 мм.Полотно двери изнутри усилено панелью коробчатого сечения из стального листа толщиной 0,8 мм, на которой располагаются дополнительные элементы, такие как: шомполодержатель, скоба, масленка. В верхней части шкафа «КО-036т» располагается отсек ограниченного доступа (трейзер), запираемый на замок «почтового» типа, а остальное пространство шкафа занимают 3 комплекта пластиковых ложементов (верхний и нижний), предназначенных для упорядоченной укладки оружия и позволяющие сберечь оружие от царапин и потертостей.На задней стенке шкафа предусмотрены 2 отверстия Ø 7 мм для возможности крепления его к стене. В шкафу установлено два 8-ми сувальдных замка фирмы «ПРО САМ» (Россия) с классом устойчивости 2 по ГОСТ 5089-2003. Петли – внутренние. Покрытие шкафа – порошковое полимерное, цвет в стандартном исполнении — «Медный антик».Шкаф не подлежит обязательному декларированию или сертификации.</p>;https://paksmet.ru/components/com_jshopping/files/img_products/ko-036t-close.jpg;https://paksmet.ru/catalog/sertifikat/Info_KO.jpg;3 ложемента для укладки оружия;1550;250;280;полимерное порошковое покрытие «медный антик»;Сейфы;Оружейные шкафы;12 318;RUB
3090;Оружейный шкаф КО-035т  на 3 ружья;https://paksmet.ru/components/com_jshopping/files/img_products/thumb_ko-035t-open.jpg;;html;Oruzhejnyj-shkaf-KO-035t--na-3-ruzh'ja;html;https://paksmet.ru/components/com_jshopping/files/img_products/ko-035t-open.jpg;<p>Шкаф предназначен для хранения и ограничения несанкционированного доступа к гражданскому и служебному оружию, боеприпасам и принадлежностям. Шкафы представляют собой цельносварную металлическую конструкцию, соединение элементов которой выполнены методом сварки сплошным швом по контуру прилегания элементов. Корпус шкафа изготовлен из стального листа толщиной 1,5 мм, полотно двери — из листа толщиной 2 мм.Полотно двери изнутри усилено панелью коробчатого сечения из стального листа толщиной 0,8 мм, на которой располагаются дополнительные элементы, такие как: шомполодержатель, скоба, масленка. В верхней части шкафа «КО-035т» располагается отсек ограниченного доступа (трейзер), запираемый на замок «почтового» типа, а остальное пространство шкафа занимают 3 комплекта пластиковых ложементов (верхний и нижний), предназначенных для упорядоченной укладки оружия и позволяющие сберечь оружие от царапин и потертостей.Также в комплект шкафа «КО-035т» входят 2 съемные полочки, которые можно установить на левую стенку шкафа, при этом количество стволов, размещаемых в шкафу, уменьшается с 3-х до 2-х. На задней стенке шкафа предусмотрены 2 отверстия Ø 7 мм для возможности крепления его к стене. В шкафу установлено два 8-ми сувальдных замка фирмы «ПРО САМ» (Россия) с классом устойчивости 2 по ГОСТ 5089-2003. Петли – внутренние. Покрытие шкафа – порошковое полимерное, цвет в стандартном исполнении — «Медный антик».Шкаф не подлежит обязательному декларированию или сертификации.</p>;https://paksmet.ru/components/com_jshopping/files/img_products/ko-035t-close.jpg;https://paksmet.ru/catalog/pasport/pasport_ko.jpg;2 съемные полки, 3 ложемента для укладки оружия;1250;250;280;полимерное порошковое покрытие «медный антик»;Сейфы;Оружейные шкафы;11 576;RUB
3090;Оружейный шкаф КО-035т  на 3 ружья;https://paksmet.ru/components/com_jshopping/files/img_products/thumb_ko-035t-open.jpg;;html;Oruzhejnyj-shkaf-KO-035t--na-3-ruzh'ja;html;https://paksmet.ru/components/com_jshopping/files/img_products/ko-035t-open.jpg;<p>Шкаф предназначен для хранения и ограничения несанкционированного доступа к гражданскому и служебному оружию, боеприпасам и принадлежностям. Шкафы представляют собой цельносварную металлическую конструкцию, соединение элементов которой выполнены методом сварки сплошным швом по контуру прилегания элементов. Корпус шкафа изготовлен из стального листа толщиной 1,5 мм, полотно двери — из листа толщиной 2 мм.Полотно двери изнутри усилено панелью коробчатого сечения из стального листа толщиной 0,8 мм, на которой располагаются дополнительные элементы, такие как: шомполодержатель, скоба, масленка. В верхней части шкафа «КО-035т» располагается отсек ограниченного доступа (трейзер), запираемый на замок «почтового» типа, а остальное пространство шкафа занимают 3 комплекта пластиковых ложементов (верхний и нижний), предназначенных для упорядоченной укладки оружия и позволяющие сберечь оружие от царапин и потертостей.Также в комплект шкафа «КО-035т» входят 2 съемные полочки, которые можно установить на левую стенку шкафа, при этом количество стволов, размещаемых в шкафу, уменьшается с 3-х до 2-х. На задней стенке шкафа предусмотрены 2 отверстия Ø 7 мм для возможности крепления его к стене. В шкафу установлено два 8-ми сувальдных замка фирмы «ПРО САМ» (Россия) с классом устойчивости 2 по ГОСТ 5089-2003. Петли – внутренние. Покрытие шкафа – порошковое полимерное, цвет в стандартном исполнении — «Медный антик».Шкаф не подлежит обязательному декларированию или сертификации.</p>;https://paksmet.ru/components/com_jshopping/files/img_products/ko-035t-close.jpg;https://paksmet.ru/catalog/sertifikat/Info_KO.jpg;2 съемные полки, 3 ложемента для укладки оружия;1250;250;280;полимерное порошковое покрытие «медный антик»;Сейфы;Оружейные шкафы;11 576;RUB
3091;Оружейный шкаф КО-033т  на 4 ружья;https://paksmet.ru/components/com_jshopping/files/img_products/thumb_ko-033t-open.jpg;;html;Oruzhejnyj-shkaf-KO-033t--na-4-ruzh'ja;html;https://paksmet.ru/components/com_jshopping/files/img_products/ko-033t-open.jpg;<p>Шкаф предназначен для хранения и ограничения несанкционированного доступа к гражданскому и служебному оружию, боеприпасам и принадлежностям.Шкафы представляют собой цельносварную металлическую конструкцию, соединение элементов которой выполнены методом сварки сплошным швом по контуру прилегания элементов. Корпус шкафа изготовлен из стального листа толщиной 1,5 мм, полотно двери — из листа толщиной 2 мм.Полотно двери изнутри усилено панелью коробчатого сечения из стального листа толщиной 0,8 мм, на которой располагаются дополнительные элементы, такие как: шомполодержатель, скоба, масленка. В верхней части шкафа «КО-033т» располагается отсек ограниченного доступа (трейзер), запираемый на замок «почтового» типа, а остальное пространство шкафа занимают 4 комплекта пластиковых ложементов (верхний и нижний), предназначенных для упорядоченной укладки оружия и позволяющие сберечь его от царапин и потертостей.На задней стенке шкафа предусмотрены 2 отверстия Ø 7 мм для возможности крепления его к стене. В шкафу установлено два 8-ми сувальдных замка фирмы «ПРО САМ» (Россия) с классом устойчивости 2 по ГОСТ 5089-2003. Петли – внутренние. Покрытие шкафа – порошковое полимерное, цвет в стандартном исполнении — «Медный антик».Шкаф не подлежит обязательному декларированию или сертификации.</p>;https://paksmet.ru/components/com_jshopping/files/img_products/ko-033t-close.jpg;https://paksmet.ru/catalog/pasport/pasport_ko.jpg;4 ложемента для укладки оружия;1400;360;280;полимерное порошковое покрытие «медный антик»;Сейфы;Оружейные шкафы;13 621;RUB
3091;Оружейный шкаф КО-033т  на 4 ружья;https://paksmet.ru/components/com_jshopping/files/img_products/thumb_ko-033t-open.jpg;;html;Oruzhejnyj-shkaf-KO-033t--na-4-ruzh'ja;html;https://paksmet.ru/components/com_jshopping/files/img_products/ko-033t-open.jpg;<p>Шкаф предназначен для хранения и ограничения несанкционированного доступа к гражданскому и служебному оружию, боеприпасам и принадлежностям.Шкафы представляют собой цельносварную металлическую конструкцию, соединение элементов которой выполнены методом сварки сплошным швом по контуру прилегания элементов. Корпус шкафа изготовлен из стального листа толщиной 1,5 мм, полотно двери — из листа толщиной 2 мм.Полотно двери изнутри усилено панелью коробчатого сечения из стального листа толщиной 0,8 мм, на которой располагаются дополнительные элементы, такие как: шомполодержатель, скоба, масленка. В верхней части шкафа «КО-033т» располагается отсек ограниченного доступа (трейзер), запираемый на замок «почтового» типа, а остальное пространство шкафа занимают 4 комплекта пластиковых ложементов (верхний и нижний), предназначенных для упорядоченной укладки оружия и позволяющие сберечь его от царапин и потертостей.На задней стенке шкафа предусмотрены 2 отверстия Ø 7 мм для возможности крепления его к стене. В шкафу установлено два 8-ми сувальдных замка фирмы «ПРО САМ» (Россия) с классом устойчивости 2 по ГОСТ 5089-2003. Петли – внутренние. Покрытие шкафа – порошковое полимерное, цвет в стандартном исполнении — «Медный антик».Шкаф не подлежит обязательному декларированию или сертификации.</p>;https://paksmet.ru/components/com_jshopping/files/img_products/ko-033t-close.jpg;https://paksmet.ru/catalog/sertifikat/Info_KO.jpg;4 ложемента для укладки оружия;1400;360;280;полимерное порошковое покрытие «медный антик»;Сейфы;Оружейные шкафы;13 621;RUB
3092;Оружейный шкаф КО-032т на 3 ружья;https://paksmet.ru/components/com_jshopping/files/img_products/thumb_full_ko032t1.jpg;;html;Oruzhejnyj-shkaf-KO-032t-na-3-ruzh'ja;html;https://paksmet.ru/components/com_jshopping/files/img_products/full_ko032t1.jpg;<p>Шкаф предназначен для хранения и ограничения несанкционированного доступа к гражданскому и служебному оружию, боеприпасам и принадлежностям.Шкафы представляют собой цельносварную металлическую конструкцию, соединение элементов которой выполнены методом сварки сплошным швом по контуру прилегания элементов. Глубина шкафа, расстояние между полками, угол открывания двери подобраны для рационального размещения оружия, боеприпасов и других принадлежностей.Внутреннее пространство шкафа «КО-032т» разделено вертикальной перегородкой на два отсека: в левом отсеке расположены 3 съемные, регулируемые по высоте полки и закрываемое на ключ встроенное отделение (трейзер), предназначенное для хранения патронов, документов и т.д., а правое отделение оборудовано 3-мя комплектами пластиковых ложементов, предназначенных для упорядоченной укладки оружия и позволяющие сберечь его от царапин и потертостей. На задней стенке шкафа предусмотрены 2 отверстия Ø 7 мм для возможности крепления его к стене.Корпус шкафа изготовлен из стального листа толщиной 1,5 мм, полотно двери — из листа толщиной 2 мм. Полотно двери изнутри усилено панелью коробчатого сечения из стального листа толщиной 0,8 мм, на которой располагаются дополнительные элементы, такие как: шомполодержатель, скоба, масленка.В шкафу установлено два 8-ми сувальдных замка фирмы «ПРО САМ» (Россия) с классом устойчивости 2 по ГОСТ 5089-2003. Петли – внутренние. Покрытие шкафа – порошковое полимерное, цвет в стандартном исполнении — «Медный антик».Шкаф не подлежит обязательному декларированию или сертификации.</p>;https://paksmet.ru/components/com_jshopping/files/img_products/ko032t2.jpg;https://paksmet.ru/catalog/pasport/pasport_ko.jpg;3 съемные полки, 3 ложемента для укладки оружия;1250;430;280;полимерное порошковое покрытие «медный антик»;Сейфы;Оружейные шкафы;13 297;RUB
3092;Оружейный шкаф КО-032т на 3 ружья;https://paksmet.ru/components/com_jshopping/files/img_products/thumb_full_ko032t1.jpg;;html;Oruzhejnyj-shkaf-KO-032t-na-3-ruzh'ja;html;https://paksmet.ru/components/com_jshopping/files/img_products/full_ko032t1.jpg;<p>Шкаф предназначен для хранения и ограничения несанкционированного доступа к гражданскому и служебному оружию, боеприпасам и принадлежностям.Шкафы представляют собой цельносварную металлическую конструкцию, соединение элементов которой выполнены методом сварки сплошным швом по контуру прилегания элементов. Глубина шкафа, расстояние между полками, угол открывания двери подобраны для рационального размещения оружия, боеприпасов и других принадлежностей.Внутреннее пространство шкафа «КО-032т» разделено вертикальной перегородкой на два отсека: в левом отсеке расположены 3 съемные, регулируемые по высоте полки и закрываемое на ключ встроенное отделение (трейзер), предназначенное для хранения патронов, документов и т.д., а правое отделение оборудовано 3-мя комплектами пластиковых ложементов, предназначенных для упорядоченной укладки оружия и позволяющие сберечь его от царапин и потертостей. На задней стенке шкафа предусмотрены 2 отверстия Ø 7 мм для возможности крепления его к стене.Корпус шкафа изготовлен из стального листа толщиной 1,5 мм, полотно двери — из листа толщиной 2 мм. Полотно двери изнутри усилено панелью коробчатого сечения из стального листа толщиной 0,8 мм, на которой располагаются дополнительные элементы, такие как: шомполодержатель, скоба, масленка.В шкафу установлено два 8-ми сувальдных замка фирмы «ПРО САМ» (Россия) с классом устойчивости 2 по ГОСТ 5089-2003. Петли – внутренние. Покрытие шкафа – порошковое полимерное, цвет в стандартном исполнении — «Медный антик».Шкаф не подлежит обязательному декларированию или сертификации.</p>;https://paksmet.ru/components/com_jshopping/files/img_products/ko032t2.jpg;https://paksmet.ru/catalog/sertifikat/Info_KO.jpg;3 съемные полки, 3 ложемента для укладки оружия;1250;430;280;полимерное порошковое покрытие «медный антик»;Сейфы;Оружейные шкафы;13 297;RUB
