IE_XML_ID;IE_NAME;IE_PREVIEW_PICTURE;IE_PREVIEW_TEXT;IE_PREVIEW_TEXT_TYPE;IE_CODE;IE_DETAIL_TEXT_TYPE;IE_DETAIL_PICTURE;IE_DETAIL_TEXT;IP_PROP59;IP_PROP64;IP_PROP71;IP_PROP72;IP_PROP73;IP_PROP77;IP_PROP80;IP_PROP81;IP_PROP82;IP_PROP83;IP_PROP74;IP_PROP265;IP_PROP305;IP_PROP282;IP_PROP284;IC_GROUP0;IC_GROUP1;IC_GROUP2;CV_PRICE_1;CV_CURRENCY_1
1792;Кэшбокс CB-9701N;https://www.safe.ru/upload/resize_cache/iblock/a8a/240_240_1/a8a8f3e9bea78b80b9dacbb8c8ce63cb.jpg;;html;keshboks-cb-9701n;html;https://www.safe.ru/upload/iblock/060/060e29ba9baf94cb3d1daad116193125.jpg;"<div class=""text-block""><ul><li>предназначены для хранения мелких вещей дома и в офисе</li><li>корпус и дверь изготовлены из стали</li><li>комплектуются ключевым замком</li><li>оснащены съемными пластиковыми лотками и разделителями</li><li>широкий диапазон цветов и размеров</li><li>тип покрытия – защитное фосфатное</li></ul> </div>";https://www.safe.ru/upload/iblock/a8a/a8a8f3e9bea78b80b9dacbb8c8ce63cb.jpg;https://yarskmebel.tmweb.ru/upload/docs/Сертификат соответствия Кэшбокс CB-9701N.pdf;80;165;125;0,9;ключевой;cерый;защитное фосфатное;1 год;Shuhra;Тайвань;;;;Другая продукция;Кэшбоксы;Кэшбоксы и книги-тайники Тайвань;1 400;RUB
1793;Кэшбокс CB-9703N;https://www.safe.ru/upload/resize_cache/iblock/6c3/240_240_1/6c376ca4523cff44f83960f1730cf31f.jpg;;html;keshboks-cb-9703n;html;https://www.safe.ru/upload/iblock/836/8366a0801281dea9f7b4dace707c50ba.jpg;"<div class=""text-block""><ul><li>предназначены для хранения мелких вещей дома и в офисе</li><li>корпус и дверь изготовлены из стали</li><li>комплектуются ключевым замком</li><li>оснащены съемными пластиковыми лотками и разделителями</li><li>широкий диапазон цветов и размеров</li><li>тип покрытия – защитное фосфатное</li></ul> </div>";https://www.safe.ru/upload/iblock/6c3/6c376ca4523cff44f83960f1730cf31f.jpg;https://yarskmebel.tmweb.ru/upload/docs/Сертификат соответствия Кэшбокс CB-9703N.pdf;80;197;154;1,1;ключевой;зеленый;защитное фосфатное;1 год;Shuhra;Тайвань;;;;Другая продукция;Кэшбоксы;Кэшбоксы и книги-тайники Тайвань;1 400;RUB
1794;Кэшбокс CB-9705N;https://www.safe.ru/upload/resize_cache/iblock/162/240_240_1/162b6cfd74753a5190041fc6437dfb66.jpg;;html;keshboks-cb-9705n;html;https://www.safe.ru/upload/iblock/29f/29f542457a292bd314d88ec4c5065a9c.jpg;"<div class=""text-block""><ul><li>предназначены для хранения мелких вещей дома и в офисе</li><li>корпус и дверь изготовлены из стали</li><li>комплектуются ключевым замком</li><li>оснащены съемными пластиковыми лотками и разделителями</li><li>широкий диапазон цветов и размеров</li><li>тип покрытия – защитное фосфатное</li></ul> </div>";https://www.safe.ru/upload/iblock/162/162b6cfd74753a5190041fc6437dfb66.jpg;https://yarskmebel.tmweb.ru/upload/docs/Сертификат соответствия Кэшбокс CB-9705N.pdf;80;230;185;0,9;ключевой;cерый;защитное фосфатное;1 год;Shuhra;Тайвань;;;;Другая продукция;Кэшбоксы;Кэшбоксы и книги-тайники Тайвань;1 400;RUB
1795;Ключница KEY-20;https://www.safe.ru/upload/resize_cache/iblock/568/240_240_1/568189f35fae1b85fcead3f1d3c8470b.jpg;;html;klyuchnitsa-key-20;html;https://www.safe.ru/upload/iblock/5f0/5f0e4885cc14305e757e5732aa864b8c.jpg;"<div class=""text-block""><p>Предназначены для упорядоченного размещения и защиты от несанкционированного использования ключей.</p><ul><li>Размещаются стационарно на стене, в корпусе предусмотрены отверстия для крепления</li><li>Изготовлены из стали 0,9 мм</li><li>Оснащены металлическими крючками для навешивания ключей</li><li>Ключевой замок</li><li>Количество крючков для ключей - 20шт.</li><li>В комплект ключниц входят пластиковые цветные брелоки, рассчитанные на количество ключей и самоклеящиеся номерки</li></ul> </div>";https://www.safe.ru/upload/iblock/568/568189f35fae1b85fcead3f1d3c8470b.jpg;https://yarskmebel.tmweb.ru/upload/docs/Отказное письмо Ключница KEY-20.pdf;300;185;59;1.7;;серый полуматовый (RAL 7038);порошковое;1 год;ПРОМЕТ;;;;;Другая продукция;Ключницы;Ключницы AIKO KEY;1 895;RUB
1795;Ключница KEY-20;https://www.safe.ru/upload/resize_cache/iblock/568/240_240_1/568189f35fae1b85fcead3f1d3c8470b.jpg;;html;klyuchnitsa-key-20;html;https://www.safe.ru/upload/iblock/5f0/5f0e4885cc14305e757e5732aa864b8c.jpg;"<div class=""text-block""><p>Предназначены для упорядоченного размещения и защиты от несанкционированного использования ключей.</p><ul><li>Размещаются стационарно на стене, в корпусе предусмотрены отверстия для крепления</li><li>Изготовлены из стали 0,9 мм</li><li>Оснащены металлическими крючками для навешивания ключей</li><li>Ключевой замок</li><li>Количество крючков для ключей - 20шт.</li><li>В комплект ключниц входят пластиковые цветные брелоки, рассчитанные на количество ключей и самоклеящиеся номерки</li></ul> </div>";https://www.safe.ru/upload/iblock/568/568189f35fae1b85fcead3f1d3c8470b.jpg;https://yarskmebel.tmweb.ru/upload/docs/Отказное письмо Ключница KEY-20.pdf;300;185;59;1.7;;серый полуматовый (RAL 7038);порошковое;1 год;ПРОМЕТ;;;;;Другая продукция;Ключницы;Ключницы AIKO KEY;1 895;RUB
1796;Ключница  KEY-40;https://www.safe.ru/upload/resize_cache/iblock/161/240_240_1/1615400a0b318b3ad8b3606c947964bc.jpg;;html;klyuchnitsa-key-40;html;https://www.safe.ru/upload/iblock/a4e/a4e502001584b67623019ae8f75319e9.jpg;"<div class=""text-block""><p>Предназначены для упорядоченного размещения и защиты от несанкционированного использования ключей.</p><ul><li>Размещаются стационарно на стене, в корпусе предусмотрены отверстия для крепления</li><li>Изготовлены из стали 0,9 мм</li><li>Оснащены металлическими крючками для навешивания ключей</li><li>Ключевой замок</li><li>Количество крючков для ключей - 40шт.</li><li>В комплект ключниц входят пластиковые цветные брелоки, рассчитанные на количество ключей и самоклеящиеся номерки</li></ul> </div>";https://www.safe.ru/upload/iblock/161/1615400a0b318b3ad8b3606c947964bc.jpg;https://yarskmebel.tmweb.ru/upload/docs/Отказное письмо Ключница  KEY-40.pdf;300;355;59;2.9;;серый полуматовый (RAL 7038);порошковое;1 год;;;;;;Другая продукция;Ключницы;Ключницы AIKO KEY;2 345;RUB
1796;Ключница  KEY-40;https://www.safe.ru/upload/resize_cache/iblock/161/240_240_1/1615400a0b318b3ad8b3606c947964bc.jpg;;html;klyuchnitsa-key-40;html;https://www.safe.ru/upload/iblock/a4e/a4e502001584b67623019ae8f75319e9.jpg;"<div class=""text-block""><p>Предназначены для упорядоченного размещения и защиты от несанкционированного использования ключей.</p><ul><li>Размещаются стационарно на стене, в корпусе предусмотрены отверстия для крепления</li><li>Изготовлены из стали 0,9 мм</li><li>Оснащены металлическими крючками для навешивания ключей</li><li>Ключевой замок</li><li>Количество крючков для ключей - 40шт.</li><li>В комплект ключниц входят пластиковые цветные брелоки, рассчитанные на количество ключей и самоклеящиеся номерки</li></ul> </div>";https://www.safe.ru/upload/iblock/161/1615400a0b318b3ad8b3606c947964bc.jpg;https://yarskmebel.tmweb.ru/upload/docs/Отказное письмо Ключница  KEY-40.pdf;300;355;59;2.9;;серый полуматовый (RAL 7038);порошковое;1 год;;;;;;Другая продукция;Ключницы;Ключницы AIKO KEY;2 345;RUB
1797;Ключница  KEY-60;https://www.safe.ru/upload/resize_cache/iblock/049/240_240_1/0494c5a8b25c1ad7e40100f0de2aee32.jpg;;html;klyuchnitsa-key-60;html;https://www.safe.ru/upload/iblock/c30/c3006e2af77be1c2abe2ce64c3696fce.jpg;"<div class=""text-block""><p>Предназначены для упорядоченного размещения и защиты от несанкционированного использования ключей.</p><ul><li>Размещаются стационарно на стене, в корпусе предусмотрены отверстия для крепления</li><li>Изготовлены из стали 0,9 мм</li><li>Оснащены металлическими крючками для навешивания ключей</li><li>Ключевой замок</li><li>Количество крючков для ключей - 60шт.</li><li>В комплект ключниц входят пластиковые цветные брелоки, рассчитанные на количество ключей и самоклеящиеся номерки</li></ul> </div>";https://www.safe.ru/upload/iblock/049/0494c5a8b25c1ad7e40100f0de2aee32.jpg;https://yarskmebel.tmweb.ru/upload/docs/Отказное письмо Ключница  KEY-60.pdf;400;355;59;3.8;;серый полуматовый (RAL 7038);порошковое;1 год;ПРОМЕТ;;;;;Другая продукция;Ключницы;Ключницы AIKO KEY;2 925;RUB
1797;Ключница  KEY-60;https://www.safe.ru/upload/resize_cache/iblock/049/240_240_1/0494c5a8b25c1ad7e40100f0de2aee32.jpg;;html;klyuchnitsa-key-60;html;https://www.safe.ru/upload/iblock/c30/c3006e2af77be1c2abe2ce64c3696fce.jpg;"<div class=""text-block""><p>Предназначены для упорядоченного размещения и защиты от несанкционированного использования ключей.</p><ul><li>Размещаются стационарно на стене, в корпусе предусмотрены отверстия для крепления</li><li>Изготовлены из стали 0,9 мм</li><li>Оснащены металлическими крючками для навешивания ключей</li><li>Ключевой замок</li><li>Количество крючков для ключей - 60шт.</li><li>В комплект ключниц входят пластиковые цветные брелоки, рассчитанные на количество ключей и самоклеящиеся номерки</li></ul> </div>";https://www.safe.ru/upload/iblock/049/0494c5a8b25c1ad7e40100f0de2aee32.jpg;https://yarskmebel.tmweb.ru/upload/docs/Отказное письмо Ключница  KEY-60.pdf;400;355;59;3.8;;серый полуматовый (RAL 7038);порошковое;1 год;ПРОМЕТ;;;;;Другая продукция;Ключницы;Ключницы AIKO KEY;2 925;RUB
1798;Ключница  KEY-80;https://www.safe.ru/upload/resize_cache/iblock/20f/240_240_1/20fe6f0c2a307e9bbb9712763695e567.jpg;;html;klyuchnitsa-key-80;html;https://www.safe.ru/upload/iblock/295/295370ef929e1b488d83897757118cec.jpg;"<div class=""text-block""><p>Предназначены для упорядоченного размещения и защиты от несанкционированного использования ключей.</p><ul><li>Размещаются стационарно на стене, в корпусе предусмотрены отверстия для крепления</li><li>Изготовлены из стали 0,9 мм</li><li>Оснащены металлическими крючками для навешивания ключей</li><li>Ключевой замок</li><li>Количество крючков для ключей - 80 шт.</li><li>В комплект ключниц входят пластиковые цветные брелоки, рассчитанные на количество ключей и самоклеящиеся номерки</li></ul> </div>";https://www.safe.ru/upload/iblock/20f/20fe6f0c2a307e9bbb9712763695e567.jpg;https://yarskmebel.tmweb.ru/upload/docs/Отказное письмо Ключница  KEY-80.pdf;500;355;59;4.7;;серый полуматовый (RAL 7038);порошковое;1 год;ПРОМЕТ;;;;;Другая продукция;Ключницы;Ключницы AIKO KEY;3 655;RUB
1798;Ключница  KEY-80;https://www.safe.ru/upload/resize_cache/iblock/20f/240_240_1/20fe6f0c2a307e9bbb9712763695e567.jpg;;html;klyuchnitsa-key-80;html;https://www.safe.ru/upload/iblock/295/295370ef929e1b488d83897757118cec.jpg;"<div class=""text-block""><p>Предназначены для упорядоченного размещения и защиты от несанкционированного использования ключей.</p><ul><li>Размещаются стационарно на стене, в корпусе предусмотрены отверстия для крепления</li><li>Изготовлены из стали 0,9 мм</li><li>Оснащены металлическими крючками для навешивания ключей</li><li>Ключевой замок</li><li>Количество крючков для ключей - 80 шт.</li><li>В комплект ключниц входят пластиковые цветные брелоки, рассчитанные на количество ключей и самоклеящиеся номерки</li></ul> </div>";https://www.safe.ru/upload/iblock/20f/20fe6f0c2a307e9bbb9712763695e567.jpg;https://yarskmebel.tmweb.ru/upload/docs/Отказное письмо Ключница  KEY-80.pdf;500;355;59;4.7;;серый полуматовый (RAL 7038);порошковое;1 год;ПРОМЕТ;;;;;Другая продукция;Ключницы;Ключницы AIKO KEY;3 655;RUB
1799;Ключница  KEY-100;https://www.safe.ru/upload/resize_cache/iblock/a82/240_240_1/a823223128701d30141f7682e73a8507.jpg;;html;klyuchnitsa-key-100;html;https://www.safe.ru/upload/iblock/bb9/bb93fe4e6be29c422d54317f6850aeb6.jpg;"<div class=""text-block""><p>Предназначены для упорядоченного размещения и защиты от несанкционированного использования ключей.</p><ul><li>Размещаются стационарно на стене, в корпусе предусмотрены отверстия для крепления</li><li>Изготовлены из стали 0,9 мм</li><li>Оснащены металлическими крючками для навешивания ключей</li><li>Ключевой замок</li><li>Количество крючков для ключей - 100 шт.</li><li>В комплект ключниц входят пластиковые цветные брелоки, рассчитанные на количество ключей и самоклеящиеся номерки</li></ul> </div>";https://www.safe.ru/upload/iblock/a82/a823223128701d30141f7682e73a8507.jpg;https://yarskmebel.tmweb.ru/upload/docs/Отказное письмо Ключница  KEY-100.pdf;600;355;59;5.6;;серый полуматовый (RAL 7038);порошковое;1 год;ПРОМЕТ;;;;;Другая продукция;Ключницы;Ключницы AIKO KEY;4 305;RUB
1799;Ключница  KEY-100;https://www.safe.ru/upload/resize_cache/iblock/a82/240_240_1/a823223128701d30141f7682e73a8507.jpg;;html;klyuchnitsa-key-100;html;https://www.safe.ru/upload/iblock/bb9/bb93fe4e6be29c422d54317f6850aeb6.jpg;"<div class=""text-block""><p>Предназначены для упорядоченного размещения и защиты от несанкционированного использования ключей.</p><ul><li>Размещаются стационарно на стене, в корпусе предусмотрены отверстия для крепления</li><li>Изготовлены из стали 0,9 мм</li><li>Оснащены металлическими крючками для навешивания ключей</li><li>Ключевой замок</li><li>Количество крючков для ключей - 100 шт.</li><li>В комплект ключниц входят пластиковые цветные брелоки, рассчитанные на количество ключей и самоклеящиеся номерки</li></ul> </div>";https://www.safe.ru/upload/iblock/a82/a823223128701d30141f7682e73a8507.jpg;https://yarskmebel.tmweb.ru/upload/docs/Отказное письмо Ключница  KEY-100.pdf;600;355;59;5.6;;серый полуматовый (RAL 7038);порошковое;1 год;ПРОМЕТ;;;;;Другая продукция;Ключницы;Ключницы AIKO KEY;4 305;RUB
1800;Ключница  KEY-200;https://www.safe.ru/upload/resize_cache/iblock/216/240_240_1/216bae6d1435908af0cc38d9bcae185e.jpg;;html;klyuchnitsa-key-200;html;https://www.safe.ru/upload/iblock/cad/cadde49e3ed94c2841b7045a37c09339.jpg;"<div class=""text-block""><p>Предназначены для упорядоченного размещения и защиты от несанкционированного использования ключей.</p><ul><li>Размещаются стационарно на стене, в корпусе предусмотрены отверстия для крепления</li><li>Изготовлены из стали 0,9 мм</li><li>Оснащены металлическими крючками для навешивания ключей</li><li>Ключевой замок</li><li>Количество крючков для ключей - 200 шт.</li><li>В комплект ключниц входят пластиковые цветные брелоки, рассчитанные на количество ключей и самоклеящиеся номерки</li></ul> </div>";https://www.safe.ru/upload/iblock/216/216bae6d1435908af0cc38d9bcae185e.jpg;https://yarskmebel.tmweb.ru/upload/docs/Отказное письмо Ключница  KEY-200.pdf;600;355;90;9.4;;серый полуматовый (RAL 7038);порошковое;1 год;ПРОМЕТ;;;;;Другая продукция;Ключницы;Ключницы AIKO KEY;10 905;RUB
1800;Ключница  KEY-200;https://www.safe.ru/upload/resize_cache/iblock/216/240_240_1/216bae6d1435908af0cc38d9bcae185e.jpg;;html;klyuchnitsa-key-200;html;https://www.safe.ru/upload/iblock/cad/cadde49e3ed94c2841b7045a37c09339.jpg;"<div class=""text-block""><p>Предназначены для упорядоченного размещения и защиты от несанкционированного использования ключей.</p><ul><li>Размещаются стационарно на стене, в корпусе предусмотрены отверстия для крепления</li><li>Изготовлены из стали 0,9 мм</li><li>Оснащены металлическими крючками для навешивания ключей</li><li>Ключевой замок</li><li>Количество крючков для ключей - 200 шт.</li><li>В комплект ключниц входят пластиковые цветные брелоки, рассчитанные на количество ключей и самоклеящиеся номерки</li></ul> </div>";https://www.safe.ru/upload/iblock/216/216bae6d1435908af0cc38d9bcae185e.jpg;https://yarskmebel.tmweb.ru/upload/docs/Отказное письмо Ключница  KEY-200.pdf;600;355;90;9.4;;серый полуматовый (RAL 7038);порошковое;1 год;ПРОМЕТ;;;;;Другая продукция;Ключницы;Ключницы AIKO KEY;10 905;RUB
1801;Ключница  KEY-300;https://www.safe.ru/upload/resize_cache/iblock/8e5/240_240_1/8e5d8745b083c40c3371f7db724ab2b8.jpg;;html;klyuchnitsa-key-300;html;https://www.safe.ru/upload/iblock/efb/efb265b558b6520f5a8c3f30532a9a79.jpg;"<div class=""text-block""><p>Предназначены для упорядоченного размещения и защиты от несанкционированного использования ключей.</p><ul><li>Размещаются стационарно на стене, в корпусе предусмотрены отверстия для крепления</li><li>Изготовлены из стали 0,9 мм</li><li>Оснащены металлическими крючками для навешивания ключей</li><li>Ключевой замок</li><li>Количество крючков для ключей - 300 шт.</li><li>В комплект ключниц входят пластиковые цветные брелоки, рассчитанные на количество ключей и самоклеящиеся номерки</li></ul> </div>";https://www.safe.ru/upload/iblock/8e5/8e5d8745b083c40c3371f7db724ab2b8.jpg;https://yarskmebel.tmweb.ru/upload/docs/Отказное письмо Ключница  KEY-300.pdf;600;355;130;13.5;;серый полуматовый (RAL 7038);порошковое;1 год;ПРОМЕТ;;;;;Другая продукция;Ключницы;Ключницы AIKO KEY;16 305;RUB
1801;Ключница  KEY-300;https://www.safe.ru/upload/resize_cache/iblock/8e5/240_240_1/8e5d8745b083c40c3371f7db724ab2b8.jpg;;html;klyuchnitsa-key-300;html;https://www.safe.ru/upload/iblock/efb/efb265b558b6520f5a8c3f30532a9a79.jpg;"<div class=""text-block""><p>Предназначены для упорядоченного размещения и защиты от несанкционированного использования ключей.</p><ul><li>Размещаются стационарно на стене, в корпусе предусмотрены отверстия для крепления</li><li>Изготовлены из стали 0,9 мм</li><li>Оснащены металлическими крючками для навешивания ключей</li><li>Ключевой замок</li><li>Количество крючков для ключей - 300 шт.</li><li>В комплект ключниц входят пластиковые цветные брелоки, рассчитанные на количество ключей и самоклеящиеся номерки</li></ul> </div>";https://www.safe.ru/upload/iblock/8e5/8e5d8745b083c40c3371f7db724ab2b8.jpg;https://yarskmebel.tmweb.ru/upload/docs/Отказное письмо Ключница  KEY-300.pdf;600;355;130;13.5;;серый полуматовый (RAL 7038);порошковое;1 год;ПРОМЕТ;;;;;Другая продукция;Ключницы;Ключницы AIKO KEY;16 305;RUB
1802;Ключница  KEY-400;https://www.safe.ru/upload/resize_cache/iblock/0ea/240_240_1/0eaf52da5335e5abeb3eea8369333754.jpg;;html;klyuchnitsa-key-400;html;https://www.safe.ru/upload/iblock/891/891a598d40ba79e0af0f60b8e9fad152.jpg;"<div class=""text-block""><p>Предназначены для упорядоченного размещения и защиты от несанкционированного использования ключей.</p><ul><li>Размещаются стационарно на стене, в корпусе предусмотрены отверстия для крепления</li><li>Изготовлены из стали 0,9 мм</li><li>Оснащены металлическими крючками для навешивания ключей</li><li>Ключевой замок</li><li>Количество крючков для ключей - 400 шт.</li><li>В комплект ключниц входят пластиковые цветные брелоки, рассчитанные на количество ключей и самоклеящиеся номерки</li></ul> </div>";https://www.safe.ru/upload/iblock/0ea/0eaf52da5335e5abeb3eea8369333754.jpg;https://yarskmebel.tmweb.ru/upload/docs/Отказное письмо Ключница  KEY-400.pdf;600;710;90;19;;серый полуматовый (RAL 7038);порошковое;1 год;ПРОМЕТ;;;;;Другая продукция;Ключницы;Ключницы AIKO KEY;21 765;RUB
1802;Ключница  KEY-400;https://www.safe.ru/upload/resize_cache/iblock/0ea/240_240_1/0eaf52da5335e5abeb3eea8369333754.jpg;;html;klyuchnitsa-key-400;html;https://www.safe.ru/upload/iblock/891/891a598d40ba79e0af0f60b8e9fad152.jpg;"<div class=""text-block""><p>Предназначены для упорядоченного размещения и защиты от несанкционированного использования ключей.</p><ul><li>Размещаются стационарно на стене, в корпусе предусмотрены отверстия для крепления</li><li>Изготовлены из стали 0,9 мм</li><li>Оснащены металлическими крючками для навешивания ключей</li><li>Ключевой замок</li><li>Количество крючков для ключей - 400 шт.</li><li>В комплект ключниц входят пластиковые цветные брелоки, рассчитанные на количество ключей и самоклеящиеся номерки</li></ul> </div>";https://www.safe.ru/upload/iblock/0ea/0eaf52da5335e5abeb3eea8369333754.jpg;https://yarskmebel.tmweb.ru/upload/docs/Отказное письмо Ключница  KEY-400.pdf;600;710;90;19;;серый полуматовый (RAL 7038);порошковое;1 год;ПРОМЕТ;;;;;Другая продукция;Ключницы;Ключницы AIKO KEY;21 765;RUB
1803;Ключница  KEY-600;https://www.safe.ru/upload/resize_cache/iblock/2c5/240_240_1/2c50bf45ef9e6467e8f945a9de37b21a.jpg;;html;klyuchnitsa-key-600;html;https://www.safe.ru/upload/iblock/237/237b33513583ca867e990f10bf39cc82.jpg;"<div class=""text-block""><p>Предназначены для упорядоченного размещения и защиты от несанкционированного использования ключей.</p><ul><li>Размещаются стационарно на стене, в корпусе предусмотрены отверстия для крепления</li><li>Изготовлены из стали 0,9 мм</li><li>Оснащены металлическими крючками для навешивания ключей</li><li>Ключевой замок</li><li>Количество крючков для ключей - 600 шт.</li><li>В комплект ключниц входят пластиковые цветные брелоки, рассчитанные на количество ключей и самоклеящиеся номерки</li></ul> </div>";https://www.safe.ru/upload/iblock/2c5/2c50bf45ef9e6467e8f945a9de37b21a.jpg;https://yarskmebel.tmweb.ru/upload/docs/Отказное письмо Ключница  KEY-600.pdf;600;710;130;27;;серый полуматовый (RAL 7038);порошковое;1 год;ПРОМЕТ;;;;;Другая продукция;Ключницы;Ключницы AIKO KEY;32 695;RUB
1803;Ключница  KEY-600;https://www.safe.ru/upload/resize_cache/iblock/2c5/240_240_1/2c50bf45ef9e6467e8f945a9de37b21a.jpg;;html;klyuchnitsa-key-600;html;https://www.safe.ru/upload/iblock/237/237b33513583ca867e990f10bf39cc82.jpg;"<div class=""text-block""><p>Предназначены для упорядоченного размещения и защиты от несанкционированного использования ключей.</p><ul><li>Размещаются стационарно на стене, в корпусе предусмотрены отверстия для крепления</li><li>Изготовлены из стали 0,9 мм</li><li>Оснащены металлическими крючками для навешивания ключей</li><li>Ключевой замок</li><li>Количество крючков для ключей - 600 шт.</li><li>В комплект ключниц входят пластиковые цветные брелоки, рассчитанные на количество ключей и самоклеящиеся номерки</li></ul> </div>";https://www.safe.ru/upload/iblock/2c5/2c50bf45ef9e6467e8f945a9de37b21a.jpg;https://yarskmebel.tmweb.ru/upload/docs/Отказное письмо Ключница  KEY-600.pdf;600;710;130;27;;серый полуматовый (RAL 7038);порошковое;1 год;ПРОМЕТ;;;;;Другая продукция;Ключницы;Ключницы AIKO KEY;32 695;RUB
1804;Брелки 1\20;https://www.safe.ru/upload/resize_cache/iblock/925/240_240_1/brelki_min.jpg;;html;brelok-1-20;html;https://www.safe.ru/upload/iblock/712/brelki_big.jpg;"<div class=""text-block""><ul><li>Предназначен для маркировки и идентификации ключей</li><li>Имеет информационное окно в виде прозрачной пластиковой вставки и сменного бумажного формуляра</li><li>Изготовлен из качественного первичного полипропилена</li><li>Имеет присоединительное никелированное металлическое кольцо для надежного крепления к ключу</li><li>Продается упаковками по 20 шт. В одной упаковке пять цветов</li></ul> </div>";https://www.safe.ru/upload/iblock/925/brelki_min.jpg;;52;22;3;;;Красный, синий, зеленый, желтый, черный –по 4 шт. каждого вида;;;ПРОМЕТ;;;;;Другая продукция;Ключницы;Ключницы AIKO KEY;120;RUB
1804;Брелки 1\20;https://www.safe.ru/upload/resize_cache/iblock/925/240_240_1/brelki_min.jpg;;html;brelok-1-20;html;https://www.safe.ru/upload/iblock/712/brelki_big.jpg;"<div class=""text-block""><ul><li>Предназначен для маркировки и идентификации ключей</li><li>Имеет информационное окно в виде прозрачной пластиковой вставки и сменного бумажного формуляра</li><li>Изготовлен из качественного первичного полипропилена</li><li>Имеет присоединительное никелированное металлическое кольцо для надежного крепления к ключу</li><li>Продается упаковками по 20 шт. В одной упаковке пять цветов</li></ul> </div>";https://www.safe.ru/upload/iblock/8a5/brelki_1.jpg;;52;22;3;;;Красный, синий, зеленый, желтый, черный –по 4 шт. каждого вида;;;ПРОМЕТ;;;;;Другая продукция;Ключницы;Ключницы AIKO KEY;120;RUB
1805;Ключница KEY-35EL;https://www.safe.ru/upload/resize_cache/iblock/ca5/240_240_1/KEY-35EL-priwie.jpg;;html;klyuchnitsa-key-35el;html;https://www.safe.ru/upload/iblock/1c8/KEY-35EL.JPG;"<div class=""text-block""><p>Предназначены для упорядоченного размещения и защиты от несанкционированного использования ключей.</p><ul><li>Размещаются стационарно на стене, в корпусе предусмотрены отверстия для крепления</li><li>Изготовлены из стали 0,9 мм</li><li>Оснащены металлическими крючками для навешивания ключей</li><li>Кодовый электронный замок PLS-3.2</li><li>Количество крючков для ключей - 35 шт.</li><li>В комплект ключниц входят пластиковые цветные брелоки, рассчитанные на количество ключей и самоклеящиеся номерки</li></ul> </div>";https://www.safe.ru/upload/iblock/ca5/KEY-35EL-priwie.jpg;https://yarskmebel.tmweb.ru/upload/docs/Отказное письмо Ключница KEY-35EL.pdf;300;355;66;3.3;;серый полуматовый (RAL 7038);порошковое;1 год;ПРОМЕТ;;;;;Другая продукция;Ключницы;Ключницы с кодовым замком AIKO KEY EL;6 375;RUB
1805;Ключница KEY-35EL;https://www.safe.ru/upload/resize_cache/iblock/ca5/240_240_1/KEY-35EL-priwie.jpg;;html;klyuchnitsa-key-35el;html;https://www.safe.ru/upload/iblock/1c8/KEY-35EL.JPG;"<div class=""text-block""><p>Предназначены для упорядоченного размещения и защиты от несанкционированного использования ключей.</p><ul><li>Размещаются стационарно на стене, в корпусе предусмотрены отверстия для крепления</li><li>Изготовлены из стали 0,9 мм</li><li>Оснащены металлическими крючками для навешивания ключей</li><li>Кодовый электронный замок PLS-3.2</li><li>Количество крючков для ключей - 35 шт.</li><li>В комплект ключниц входят пластиковые цветные брелоки, рассчитанные на количество ключей и самоклеящиеся номерки</li></ul> </div>";https://www.safe.ru/upload/iblock/075/KEY-35EL-2.JPG;https://yarskmebel.tmweb.ru/upload/docs/Отказное письмо Ключница KEY-35EL.pdf;300;355;66;3.3;;серый полуматовый (RAL 7038);порошковое;1 год;ПРОМЕТ;;;;;Другая продукция;Ключницы;Ключницы с кодовым замком AIKO KEY EL;6 375;RUB
1805;Ключница KEY-35EL;https://www.safe.ru/upload/resize_cache/iblock/ca5/240_240_1/KEY-35EL-priwie.jpg;;html;klyuchnitsa-key-35el;html;https://www.safe.ru/upload/iblock/1c8/KEY-35EL.JPG;"<div class=""text-block""><p>Предназначены для упорядоченного размещения и защиты от несанкционированного использования ключей.</p><ul><li>Размещаются стационарно на стене, в корпусе предусмотрены отверстия для крепления</li><li>Изготовлены из стали 0,9 мм</li><li>Оснащены металлическими крючками для навешивания ключей</li><li>Кодовый электронный замок PLS-3.2</li><li>Количество крючков для ключей - 35 шт.</li><li>В комплект ключниц входят пластиковые цветные брелоки, рассчитанные на количество ключей и самоклеящиеся номерки</li></ul> </div>";https://www.safe.ru/upload/iblock/ca5/KEY-35EL-priwie.jpg;https://yarskmebel.tmweb.ru/upload/docs/Отказное письмо Ключница KEY-35EL.pdf;300;355;66;3.3;;серый полуматовый (RAL 7038);порошковое;1 год;ПРОМЕТ;;;;;Другая продукция;Ключницы;Ключницы с кодовым замком AIKO KEY EL;6 375;RUB
1806;Ключница KEY-55EL;https://www.safe.ru/upload/resize_cache/iblock/5db/240_240_1/KEY-55EL-priwie.jpg;;html;klyuchnitsa-key-55el;html;https://www.safe.ru/upload/iblock/672/KEY-55EL.JPG;"<div class=""text-block""><p>Предназначены для упорядоченного размещения и защиты от несанкционированного использования ключей.</p><ul><li>Размещаются стационарно на стене, в корпусе предусмотрены отверстия для крепления</li><li>Изготовлены из стали 0,9 мм</li><li>Оснащены металлическими крючками для навешивания ключей</li><li>Кодовый электронный замок PLS-3.2</li><li>Количество крючков для ключей - 55 шт.</li><li>В комплект ключниц входят пластиковые цветные брелоки, рассчитанные на количество ключей и самоклеящиеся номерки</li></ul> </div>";https://www.safe.ru/upload/iblock/5db/KEY-55EL-priwie.jpg;https://yarskmebel.tmweb.ru/upload/docs/Отказное письмо Ключница KEY-55EL.pdf;400;355;66;4.2;;серый полуматовый (RAL 7038);порошковое;1 год;ПРОМЕТ;;;;;Другая продукция;Ключницы;Ключницы с кодовым замком AIKO KEY EL;7 275;RUB
1806;Ключница KEY-55EL;https://www.safe.ru/upload/resize_cache/iblock/5db/240_240_1/KEY-55EL-priwie.jpg;;html;klyuchnitsa-key-55el;html;https://www.safe.ru/upload/iblock/672/KEY-55EL.JPG;"<div class=""text-block""><p>Предназначены для упорядоченного размещения и защиты от несанкционированного использования ключей.</p><ul><li>Размещаются стационарно на стене, в корпусе предусмотрены отверстия для крепления</li><li>Изготовлены из стали 0,9 мм</li><li>Оснащены металлическими крючками для навешивания ключей</li><li>Кодовый электронный замок PLS-3.2</li><li>Количество крючков для ключей - 55 шт.</li><li>В комплект ключниц входят пластиковые цветные брелоки, рассчитанные на количество ключей и самоклеящиеся номерки</li></ul> </div>";https://www.safe.ru/upload/iblock/12d/KEY-55EL-2.JPG;https://yarskmebel.tmweb.ru/upload/docs/Отказное письмо Ключница KEY-55EL.pdf;400;355;66;4.2;;серый полуматовый (RAL 7038);порошковое;1 год;ПРОМЕТ;;;;;Другая продукция;Ключницы;Ключницы с кодовым замком AIKO KEY EL;7 275;RUB
1806;Ключница KEY-55EL;https://www.safe.ru/upload/resize_cache/iblock/5db/240_240_1/KEY-55EL-priwie.jpg;;html;klyuchnitsa-key-55el;html;https://www.safe.ru/upload/iblock/672/KEY-55EL.JPG;"<div class=""text-block""><p>Предназначены для упорядоченного размещения и защиты от несанкционированного использования ключей.</p><ul><li>Размещаются стационарно на стене, в корпусе предусмотрены отверстия для крепления</li><li>Изготовлены из стали 0,9 мм</li><li>Оснащены металлическими крючками для навешивания ключей</li><li>Кодовый электронный замок PLS-3.2</li><li>Количество крючков для ключей - 55 шт.</li><li>В комплект ключниц входят пластиковые цветные брелоки, рассчитанные на количество ключей и самоклеящиеся номерки</li></ul> </div>";https://www.safe.ru/upload/iblock/5db/KEY-55EL-priwie.jpg;https://yarskmebel.tmweb.ru/upload/docs/Отказное письмо Ключница KEY-55EL.pdf;400;355;66;4.2;;серый полуматовый (RAL 7038);порошковое;1 год;ПРОМЕТ;;;;;Другая продукция;Ключницы;Ключницы с кодовым замком AIKO KEY EL;7 275;RUB
1807;Ключница KEY-75EL;https://www.safe.ru/upload/resize_cache/iblock/499/240_240_1/KEY-75EL-priwie.jpg;;html;klyuchnitsa-key-75el;html;https://www.safe.ru/upload/iblock/2ae/KEY-75EL.JPG;"<div class=""text-block""><p>Предназначены для упорядоченного размещения и защиты от несанкционированного использования ключей.</p><ul><li>Размещаются стационарно на стене, в корпусе предусмотрены отверстия для крепления</li><li>Изготовлены из стали 0,9 мм</li><li>Оснащены металлическими крючками для навешивания ключей</li><li>Кодовый электронный замок PLS-3.2</li><li>Количество крючков для ключей - 75 шт.</li><li>В комплект ключниц входят пластиковые цветные брелоки, рассчитанные на количество ключей и самоклеящиеся номерки</li></ul> </div>";https://www.safe.ru/upload/iblock/499/KEY-75EL-priwie.jpg;https://yarskmebel.tmweb.ru/upload/docs/Отказное письмо Ключница KEY-75EL.pdf;500;355;66;5.1;;серый полуматовый (RAL 7038);порошковое;1 год;ПРОМЕТ;;;;;Другая продукция;Ключницы;Ключницы с кодовым замком AIKO KEY EL;8 635;RUB
1807;Ключница KEY-75EL;https://www.safe.ru/upload/resize_cache/iblock/499/240_240_1/KEY-75EL-priwie.jpg;;html;klyuchnitsa-key-75el;html;https://www.safe.ru/upload/iblock/2ae/KEY-75EL.JPG;"<div class=""text-block""><p>Предназначены для упорядоченного размещения и защиты от несанкционированного использования ключей.</p><ul><li>Размещаются стационарно на стене, в корпусе предусмотрены отверстия для крепления</li><li>Изготовлены из стали 0,9 мм</li><li>Оснащены металлическими крючками для навешивания ключей</li><li>Кодовый электронный замок PLS-3.2</li><li>Количество крючков для ключей - 75 шт.</li><li>В комплект ключниц входят пластиковые цветные брелоки, рассчитанные на количество ключей и самоклеящиеся номерки</li></ul> </div>";https://www.safe.ru/upload/iblock/c2a/KEY-75EK-2.JPG;https://yarskmebel.tmweb.ru/upload/docs/Отказное письмо Ключница KEY-75EL.pdf;500;355;66;5.1;;серый полуматовый (RAL 7038);порошковое;1 год;ПРОМЕТ;;;;;Другая продукция;Ключницы;Ключницы с кодовым замком AIKO KEY EL;8 635;RUB
1807;Ключница KEY-75EL;https://www.safe.ru/upload/resize_cache/iblock/499/240_240_1/KEY-75EL-priwie.jpg;;html;klyuchnitsa-key-75el;html;https://www.safe.ru/upload/iblock/2ae/KEY-75EL.JPG;"<div class=""text-block""><p>Предназначены для упорядоченного размещения и защиты от несанкционированного использования ключей.</p><ul><li>Размещаются стационарно на стене, в корпусе предусмотрены отверстия для крепления</li><li>Изготовлены из стали 0,9 мм</li><li>Оснащены металлическими крючками для навешивания ключей</li><li>Кодовый электронный замок PLS-3.2</li><li>Количество крючков для ключей - 75 шт.</li><li>В комплект ключниц входят пластиковые цветные брелоки, рассчитанные на количество ключей и самоклеящиеся номерки</li></ul> </div>";https://www.safe.ru/upload/iblock/499/KEY-75EL-priwie.jpg;https://yarskmebel.tmweb.ru/upload/docs/Отказное письмо Ключница KEY-75EL.pdf;500;355;66;5.1;;серый полуматовый (RAL 7038);порошковое;1 год;ПРОМЕТ;;;;;Другая продукция;Ключницы;Ключницы с кодовым замком AIKO KEY EL;8 635;RUB
1808;Ключница KEY-95EL;https://www.safe.ru/upload/resize_cache/iblock/524/240_240_1/KEY-95EL-priwie.jpg;;html;klyuchnitsa-key-95el;html;https://www.safe.ru/upload/iblock/639/KEY-95EL.JPG;"<div class=""text-block""><p>Предназначены для упорядоченного размещения и защиты от несанкционированного использования ключей.</p><ul><li>Размещаются стационарно на стене, в корпусе предусмотрены отверстия для крепления</li><li>Изготовлены из стали 0,9 мм</li><li>Оснащены металлическими крючками для навешивания ключей</li><li>Кодовый электронный замок PLS-3.2</li><li>Количество крючков для ключей - 95 шт.</li><li>В комплект ключниц входят пластиковые цветные брелоки, рассчитанные на количество ключей и самоклеящиеся номерки</li></ul> </div>";https://www.safe.ru/upload/iblock/524/KEY-95EL-priwie.jpg;https://yarskmebel.tmweb.ru/upload/docs/Отказное письмо Ключница KEY-95EL.pdf;600;355;66;6;;серый полуматовый (RAL 7038);порошковое;1 год;ПРОМЕТ;;;;;Другая продукция;Ключницы;Ключницы с кодовым замком AIKO KEY EL;9 685;RUB
1808;Ключница KEY-95EL;https://www.safe.ru/upload/resize_cache/iblock/524/240_240_1/KEY-95EL-priwie.jpg;;html;klyuchnitsa-key-95el;html;https://www.safe.ru/upload/iblock/639/KEY-95EL.JPG;"<div class=""text-block""><p>Предназначены для упорядоченного размещения и защиты от несанкционированного использования ключей.</p><ul><li>Размещаются стационарно на стене, в корпусе предусмотрены отверстия для крепления</li><li>Изготовлены из стали 0,9 мм</li><li>Оснащены металлическими крючками для навешивания ключей</li><li>Кодовый электронный замок PLS-3.2</li><li>Количество крючков для ключей - 95 шт.</li><li>В комплект ключниц входят пластиковые цветные брелоки, рассчитанные на количество ключей и самоклеящиеся номерки</li></ul> </div>";https://www.safe.ru/upload/iblock/795/KEY-95EL-2.JPG;https://yarskmebel.tmweb.ru/upload/docs/Отказное письмо Ключница KEY-95EL.pdf;600;355;66;6;;серый полуматовый (RAL 7038);порошковое;1 год;ПРОМЕТ;;;;;Другая продукция;Ключницы;Ключницы с кодовым замком AIKO KEY EL;9 685;RUB
1808;Ключница KEY-95EL;https://www.safe.ru/upload/resize_cache/iblock/524/240_240_1/KEY-95EL-priwie.jpg;;html;klyuchnitsa-key-95el;html;https://www.safe.ru/upload/iblock/639/KEY-95EL.JPG;"<div class=""text-block""><p>Предназначены для упорядоченного размещения и защиты от несанкционированного использования ключей.</p><ul><li>Размещаются стационарно на стене, в корпусе предусмотрены отверстия для крепления</li><li>Изготовлены из стали 0,9 мм</li><li>Оснащены металлическими крючками для навешивания ключей</li><li>Кодовый электронный замок PLS-3.2</li><li>Количество крючков для ключей - 95 шт.</li><li>В комплект ключниц входят пластиковые цветные брелоки, рассчитанные на количество ключей и самоклеящиеся номерки</li></ul> </div>";https://www.safe.ru/upload/iblock/524/KEY-95EL-priwie.jpg;https://yarskmebel.tmweb.ru/upload/docs/Отказное письмо Ключница KEY-95EL.pdf;600;355;66;6;;серый полуматовый (RAL 7038);порошковое;1 год;ПРОМЕТ;;;;;Другая продукция;Ключницы;Ключницы с кодовым замком AIKO KEY EL;9 685;RUB
1809;Ключница KEY-195EL;https://www.safe.ru/upload/resize_cache/iblock/c4e/240_240_1/KEY-195EL-priwie.jpg;;html;klyuchnitsa-key-195el;html;https://www.safe.ru/upload/iblock/a6e/KEY-195EL.JPG;"<div class=""text-block""><p>Предназначены для упорядоченного размещения и защиты от несанкционированного использования ключей.</p><br/><ul><br/><li>Размещаются стационарно на стене, в корпусе предусмотрены отверстия для крепления</li><br/><li>Изготовлены из стали 0,9 мм</li><br/><li>Оснащены металлическими крючками для навешивания ключей</li><br/><li>Кодовый электронный замок PLS-3.2</li><br/><li>Количество крючков для ключей - 195 шт.</li><br/><li>В комплект ключниц входят пластиковые цветные брелоки, рассчитанные на количество ключей и самоклеящиеся номерки</li><br/></ul> </div>";https://www.safe.ru/upload/iblock/c4e/KEY-195EL-priwie.jpg;https://yarskmebel.tmweb.ru/upload/docs/Отказное письмо Ключница KEY-195EL.pdf;600;355;98;9.8;;серый полуматовый (RAL 7038);порошковое;1 год;ПРОМЕТ;;;;;Другая продукция;Ключницы;Ключницы с кодовым замком AIKO KEY EL;16 265;RUB
1809;Ключница KEY-195EL;https://www.safe.ru/upload/resize_cache/iblock/c4e/240_240_1/KEY-195EL-priwie.jpg;;html;klyuchnitsa-key-195el;html;https://www.safe.ru/upload/iblock/a6e/KEY-195EL.JPG;"<div class=""text-block""><p>Предназначены для упорядоченного размещения и защиты от несанкционированного использования ключей.</p><br/><ul><br/><li>Размещаются стационарно на стене, в корпусе предусмотрены отверстия для крепления</li><br/><li>Изготовлены из стали 0,9 мм</li><br/><li>Оснащены металлическими крючками для навешивания ключей</li><br/><li>Кодовый электронный замок PLS-3.2</li><br/><li>Количество крючков для ключей - 195 шт.</li><br/><li>В комплект ключниц входят пластиковые цветные брелоки, рассчитанные на количество ключей и самоклеящиеся номерки</li><br/></ul> </div>";https://www.safe.ru/upload/iblock/9e7/KEY-195EL-2.JPG;https://yarskmebel.tmweb.ru/upload/docs/Отказное письмо Ключница KEY-195EL.pdf;600;355;98;9.8;;серый полуматовый (RAL 7038);порошковое;1 год;ПРОМЕТ;;;;;Другая продукция;Ключницы;Ключницы с кодовым замком AIKO KEY EL;16 265;RUB
1809;Ключница KEY-195EL;https://www.safe.ru/upload/resize_cache/iblock/c4e/240_240_1/KEY-195EL-priwie.jpg;;html;klyuchnitsa-key-195el;html;https://www.safe.ru/upload/iblock/a6e/KEY-195EL.JPG;"<div class=""text-block""><p>Предназначены для упорядоченного размещения и защиты от несанкционированного использования ключей.</p><br/><ul><br/><li>Размещаются стационарно на стене, в корпусе предусмотрены отверстия для крепления</li><br/><li>Изготовлены из стали 0,9 мм</li><br/><li>Оснащены металлическими крючками для навешивания ключей</li><br/><li>Кодовый электронный замок PLS-3.2</li><br/><li>Количество крючков для ключей - 195 шт.</li><br/><li>В комплект ключниц входят пластиковые цветные брелоки, рассчитанные на количество ключей и самоклеящиеся номерки</li><br/></ul> </div>";https://www.safe.ru/upload/iblock/c4e/KEY-195EL-priwie.jpg;https://yarskmebel.tmweb.ru/upload/docs/Отказное письмо Ключница KEY-195EL.pdf;600;355;98;9.8;;серый полуматовый (RAL 7038);порошковое;1 год;ПРОМЕТ;;;;;Другая продукция;Ключницы;Ключницы с кодовым замком AIKO KEY EL;16 265;RUB
1810;Ключница KEY-10 G;https://www.safe.ru/upload/iblock/9e3/9e351105b981a25c2306469443f7630a.jpg;;html;klyuchnitsa-key-10-g;html;https://www.safe.ru/upload/iblock/854/8547ff631bcbb02343df3c8b51a12e01.jpg;"<div class=""text-block""><p>Предназначены для упорядоченного размещения и защиты от несанкционированного использования ключей.</p><ul><li>Размещаются стационарно на стене, в корпусе предусмотрены отверстия для крепления</li><li>Изготовлены из стали 0,9 мм</li><li>Оснащены металлическими крючками для навешивания ключей и прозрачной дверцей</li><li>Ключевой замок</li><li>Количество крючков для ключей - 10шт.</li><li>В комплект ключниц входят пластиковые цветные брелоки, рассчитанные на количество ключей и самоклеящиеся номерки</li></ul> </div>";https://www.safe.ru/upload/iblock/9e3/9e351105b981a25c2306469443f7630a.jpg;https://yarskmebel.tmweb.ru/upload/docs/Отказное письмо Ключница KEY-10 G.pdf;302;200;40;1.8;;;;;;;;;;Другая продукция;Ключницы;Ключницы со стеклянной дверцей AIKO KEY G;1 585;RUB
1810;Ключница KEY-10 G;https://www.safe.ru/upload/iblock/9e3/9e351105b981a25c2306469443f7630a.jpg;;html;klyuchnitsa-key-10-g;html;https://www.safe.ru/upload/iblock/854/8547ff631bcbb02343df3c8b51a12e01.jpg;"<div class=""text-block""><p>Предназначены для упорядоченного размещения и защиты от несанкционированного использования ключей.</p><ul><li>Размещаются стационарно на стене, в корпусе предусмотрены отверстия для крепления</li><li>Изготовлены из стали 0,9 мм</li><li>Оснащены металлическими крючками для навешивания ключей и прозрачной дверцей</li><li>Ключевой замок</li><li>Количество крючков для ключей - 10шт.</li><li>В комплект ключниц входят пластиковые цветные брелоки, рассчитанные на количество ключей и самоклеящиеся номерки</li></ul> </div>";https://www.safe.ru/upload/iblock/39f/39fb36566f56dfd24d53e82d716930a1.jpg;https://yarskmebel.tmweb.ru/upload/docs/Отказное письмо Ключница KEY-10 G.pdf;302;200;40;1.8;;;;;;;;;;Другая продукция;Ключницы;Ключницы со стеклянной дверцей AIKO KEY G;1 585;RUB
1810;Ключница KEY-10 G;https://www.safe.ru/upload/iblock/9e3/9e351105b981a25c2306469443f7630a.jpg;;html;klyuchnitsa-key-10-g;html;https://www.safe.ru/upload/iblock/854/8547ff631bcbb02343df3c8b51a12e01.jpg;"<div class=""text-block""><p>Предназначены для упорядоченного размещения и защиты от несанкционированного использования ключей.</p><ul><li>Размещаются стационарно на стене, в корпусе предусмотрены отверстия для крепления</li><li>Изготовлены из стали 0,9 мм</li><li>Оснащены металлическими крючками для навешивания ключей и прозрачной дверцей</li><li>Ключевой замок</li><li>Количество крючков для ключей - 10шт.</li><li>В комплект ключниц входят пластиковые цветные брелоки, рассчитанные на количество ключей и самоклеящиеся номерки</li></ul> </div>";https://www.safe.ru/upload/iblock/94c/94c7432f1c1b39000d0170282541664b.jpg;https://yarskmebel.tmweb.ru/upload/docs/Отказное письмо Ключница KEY-10 G.pdf;302;200;40;1.8;;;;;;;;;;Другая продукция;Ключницы;Ключницы со стеклянной дверцей AIKO KEY G;1 585;RUB
1810;Ключница KEY-10 G;https://www.safe.ru/upload/iblock/9e3/9e351105b981a25c2306469443f7630a.jpg;;html;klyuchnitsa-key-10-g;html;https://www.safe.ru/upload/iblock/854/8547ff631bcbb02343df3c8b51a12e01.jpg;"<div class=""text-block""><p>Предназначены для упорядоченного размещения и защиты от несанкционированного использования ключей.</p><ul><li>Размещаются стационарно на стене, в корпусе предусмотрены отверстия для крепления</li><li>Изготовлены из стали 0,9 мм</li><li>Оснащены металлическими крючками для навешивания ключей и прозрачной дверцей</li><li>Ключевой замок</li><li>Количество крючков для ключей - 10шт.</li><li>В комплект ключниц входят пластиковые цветные брелоки, рассчитанные на количество ключей и самоклеящиеся номерки</li></ul> </div>";https://www.safe.ru/upload/iblock/9e3/9e351105b981a25c2306469443f7630a.jpg;https://yarskmebel.tmweb.ru/upload/docs/Отказное письмо Ключница KEY-10 G.pdf;302;200;40;1.8;;;;;;;;;;Другая продукция;Ключницы;Ключницы со стеклянной дверцей AIKO KEY G;1 585;RUB
1811;Ключница KEY-20 G;https://www.safe.ru/upload/iblock/5d1/5d120ba217a2834ea2a26531be47f5e3.jpg;;html;klyuchnitsa-key-20-g;html;https://www.safe.ru/upload/iblock/6b6/6b6ab5ed2a186711bbf1720b0885c694.jpg;"<div class=""text-block""><p>Предназначены для упорядоченного размещения и защиты от несанкционированного использования ключей.</p><ul><li>Размещаются стационарно на стене, в корпусе предусмотрены отверстия для крепления</li><li>Изготовлены из стали 0,9 мм</li><li>Оснащены металлическими крючками для навешивания ключей и прозрачной дверцей</li><li>Ключевой замок</li><li>Количество крючков для ключей - 20шт.</li><li>В комплект ключниц входят пластиковые цветные брелоки, рассчитанные на количество ключей и самоклеящиеся номерки</li></ul> </div>";https://www.safe.ru/upload/iblock/5d1/5d120ba217a2834ea2a26531be47f5e3.jpg;https://yarskmebel.tmweb.ru/upload/docs/Отказное письмо Ключница KEY-20 G.pdf;302;367;40;2.4;;;;;;;;;;Другая продукция;Ключницы;Ключницы со стеклянной дверцей AIKO KEY G;2 675;RUB
1811;Ключница KEY-20 G;https://www.safe.ru/upload/iblock/5d1/5d120ba217a2834ea2a26531be47f5e3.jpg;;html;klyuchnitsa-key-20-g;html;https://www.safe.ru/upload/iblock/6b6/6b6ab5ed2a186711bbf1720b0885c694.jpg;"<div class=""text-block""><p>Предназначены для упорядоченного размещения и защиты от несанкционированного использования ключей.</p><ul><li>Размещаются стационарно на стене, в корпусе предусмотрены отверстия для крепления</li><li>Изготовлены из стали 0,9 мм</li><li>Оснащены металлическими крючками для навешивания ключей и прозрачной дверцей</li><li>Ключевой замок</li><li>Количество крючков для ключей - 20шт.</li><li>В комплект ключниц входят пластиковые цветные брелоки, рассчитанные на количество ключей и самоклеящиеся номерки</li></ul> </div>";https://www.safe.ru/upload/iblock/0bd/0bd019ee0f93f60b97ef06001366ca97.jpg;https://yarskmebel.tmweb.ru/upload/docs/Отказное письмо Ключница KEY-20 G.pdf;302;367;40;2.4;;;;;;;;;;Другая продукция;Ключницы;Ключницы со стеклянной дверцей AIKO KEY G;2 675;RUB
1811;Ключница KEY-20 G;https://www.safe.ru/upload/iblock/5d1/5d120ba217a2834ea2a26531be47f5e3.jpg;;html;klyuchnitsa-key-20-g;html;https://www.safe.ru/upload/iblock/6b6/6b6ab5ed2a186711bbf1720b0885c694.jpg;"<div class=""text-block""><p>Предназначены для упорядоченного размещения и защиты от несанкционированного использования ключей.</p><ul><li>Размещаются стационарно на стене, в корпусе предусмотрены отверстия для крепления</li><li>Изготовлены из стали 0,9 мм</li><li>Оснащены металлическими крючками для навешивания ключей и прозрачной дверцей</li><li>Ключевой замок</li><li>Количество крючков для ключей - 20шт.</li><li>В комплект ключниц входят пластиковые цветные брелоки, рассчитанные на количество ключей и самоклеящиеся номерки</li></ul> </div>";https://www.safe.ru/upload/iblock/51e/51eb9791b88b6d5d549455aa7f009bbf.jpg;https://yarskmebel.tmweb.ru/upload/docs/Отказное письмо Ключница KEY-20 G.pdf;302;367;40;2.4;;;;;;;;;;Другая продукция;Ключницы;Ключницы со стеклянной дверцей AIKO KEY G;2 675;RUB
1811;Ключница KEY-20 G;https://www.safe.ru/upload/iblock/5d1/5d120ba217a2834ea2a26531be47f5e3.jpg;;html;klyuchnitsa-key-20-g;html;https://www.safe.ru/upload/iblock/6b6/6b6ab5ed2a186711bbf1720b0885c694.jpg;"<div class=""text-block""><p>Предназначены для упорядоченного размещения и защиты от несанкционированного использования ключей.</p><ul><li>Размещаются стационарно на стене, в корпусе предусмотрены отверстия для крепления</li><li>Изготовлены из стали 0,9 мм</li><li>Оснащены металлическими крючками для навешивания ключей и прозрачной дверцей</li><li>Ключевой замок</li><li>Количество крючков для ключей - 20шт.</li><li>В комплект ключниц входят пластиковые цветные брелоки, рассчитанные на количество ключей и самоклеящиеся номерки</li></ul> </div>";https://www.safe.ru/upload/iblock/5d1/5d120ba217a2834ea2a26531be47f5e3.jpg;https://yarskmebel.tmweb.ru/upload/docs/Отказное письмо Ключница KEY-20 G.pdf;302;367;40;2.4;;;;;;;;;;Другая продукция;Ключницы;Ключницы со стеклянной дверцей AIKO KEY G;2 675;RUB
1812;Ключница KEY-30 G;https://www.safe.ru/upload/iblock/fbd/fbd022855243c2e0e1fb6972cb670fdf.jpg;;html;klyuchnitsa-key-30-g;html;https://www.safe.ru/upload/iblock/058/058e540995de8e8ef7c74c9b61268427.jpg;"<div class=""text-block""><p>Предназначены для упорядоченного размещения и защиты от несанкционированного использования ключей.</p><ul><li>Размещаются стационарно на стене, в корпусе предусмотрены отверстия для крепления</li><li>Изготовлены из стали 0,9 мм</li><li>Оснащены металлическими крючками для навешивания ключей и прозрачной дверцей</li><li>Ключевой замок</li><li>Количество крючков для ключей - 30шт.</li><li>В комплект ключниц входят пластиковые цветные брелоки, рассчитанные на количество ключей и самоклеящиеся номерки</li></ul> </div>";https://www.safe.ru/upload/iblock/fbd/fbd022855243c2e0e1fb6972cb670fdf.jpg;https://yarskmebel.tmweb.ru/upload/docs/Отказное письмо Ключница KEY-30 G.pdf;402;367;40;3.1;;;;;;;;;;Другая продукция;Ключницы;Ключницы со стеклянной дверцей AIKO KEY G;3 335;RUB
1812;Ключница KEY-30 G;https://www.safe.ru/upload/iblock/fbd/fbd022855243c2e0e1fb6972cb670fdf.jpg;;html;klyuchnitsa-key-30-g;html;https://www.safe.ru/upload/iblock/058/058e540995de8e8ef7c74c9b61268427.jpg;"<div class=""text-block""><p>Предназначены для упорядоченного размещения и защиты от несанкционированного использования ключей.</p><ul><li>Размещаются стационарно на стене, в корпусе предусмотрены отверстия для крепления</li><li>Изготовлены из стали 0,9 мм</li><li>Оснащены металлическими крючками для навешивания ключей и прозрачной дверцей</li><li>Ключевой замок</li><li>Количество крючков для ключей - 30шт.</li><li>В комплект ключниц входят пластиковые цветные брелоки, рассчитанные на количество ключей и самоклеящиеся номерки</li></ul> </div>";https://www.safe.ru/upload/iblock/714/7140bc3275a97fe444c140a8ca5f7e47.jpg;https://yarskmebel.tmweb.ru/upload/docs/Отказное письмо Ключница KEY-30 G.pdf;402;367;40;3.1;;;;;;;;;;Другая продукция;Ключницы;Ключницы со стеклянной дверцей AIKO KEY G;3 335;RUB
1812;Ключница KEY-30 G;https://www.safe.ru/upload/iblock/fbd/fbd022855243c2e0e1fb6972cb670fdf.jpg;;html;klyuchnitsa-key-30-g;html;https://www.safe.ru/upload/iblock/058/058e540995de8e8ef7c74c9b61268427.jpg;"<div class=""text-block""><p>Предназначены для упорядоченного размещения и защиты от несанкционированного использования ключей.</p><ul><li>Размещаются стационарно на стене, в корпусе предусмотрены отверстия для крепления</li><li>Изготовлены из стали 0,9 мм</li><li>Оснащены металлическими крючками для навешивания ключей и прозрачной дверцей</li><li>Ключевой замок</li><li>Количество крючков для ключей - 30шт.</li><li>В комплект ключниц входят пластиковые цветные брелоки, рассчитанные на количество ключей и самоклеящиеся номерки</li></ul> </div>";https://www.safe.ru/upload/iblock/de2/de2db9d3df49284181b46f4a732540c4.jpg;https://yarskmebel.tmweb.ru/upload/docs/Отказное письмо Ключница KEY-30 G.pdf;402;367;40;3.1;;;;;;;;;;Другая продукция;Ключницы;Ключницы со стеклянной дверцей AIKO KEY G;3 335;RUB
1812;Ключница KEY-30 G;https://www.safe.ru/upload/iblock/fbd/fbd022855243c2e0e1fb6972cb670fdf.jpg;;html;klyuchnitsa-key-30-g;html;https://www.safe.ru/upload/iblock/058/058e540995de8e8ef7c74c9b61268427.jpg;"<div class=""text-block""><p>Предназначены для упорядоченного размещения и защиты от несанкционированного использования ключей.</p><ul><li>Размещаются стационарно на стене, в корпусе предусмотрены отверстия для крепления</li><li>Изготовлены из стали 0,9 мм</li><li>Оснащены металлическими крючками для навешивания ключей и прозрачной дверцей</li><li>Ключевой замок</li><li>Количество крючков для ключей - 30шт.</li><li>В комплект ключниц входят пластиковые цветные брелоки, рассчитанные на количество ключей и самоклеящиеся номерки</li></ul> </div>";https://www.safe.ru/upload/iblock/fbd/fbd022855243c2e0e1fb6972cb670fdf.jpg;https://yarskmebel.tmweb.ru/upload/docs/Отказное письмо Ключница KEY-30 G.pdf;402;367;40;3.1;;;;;;;;;;Другая продукция;Ключницы;Ключницы со стеклянной дверцей AIKO KEY G;3 335;RUB
1813;Ключница KEY-40 G;https://www.safe.ru/upload/iblock/683/683f2f382a11e431d26c7e3ff4781635.jpg;;html;klyuchnitsa-key-40-g;html;https://www.safe.ru/upload/iblock/f2e/f2e48d8a8db10a082a3ea1b29dcaf092.jpg;"<div class=""text-block""><p>Предназначены для упорядоченного размещения и защиты от несанкционированного использования ключей.</p><ul><li>Размещаются стационарно на стене, в корпусе предусмотрены отверстия для крепления</li><li>Изготовлены из стали 0,9 мм</li><li>Оснащены металлическими крючками для навешивания ключей и прозрачной дверцей</li><li>Ключевой замок</li><li>Количество крючков для ключей - 40шт.</li><li>В комплект ключниц входят пластиковые цветные брелоки, рассчитанные на количество ключей и самоклеящиеся номерки</li></ul> </div>";https://www.safe.ru/upload/iblock/683/683f2f382a11e431d26c7e3ff4781635.jpg;https://yarskmebel.tmweb.ru/upload/docs/Отказное письмо Ключница KEY-40 G.pdf;502;367;40;3.9;;;;;;;;;;Другая продукция;Ключницы;Ключницы со стеклянной дверцей AIKO KEY G;3 935;RUB
1813;Ключница KEY-40 G;https://www.safe.ru/upload/iblock/683/683f2f382a11e431d26c7e3ff4781635.jpg;;html;klyuchnitsa-key-40-g;html;https://www.safe.ru/upload/iblock/f2e/f2e48d8a8db10a082a3ea1b29dcaf092.jpg;"<div class=""text-block""><p>Предназначены для упорядоченного размещения и защиты от несанкционированного использования ключей.</p><ul><li>Размещаются стационарно на стене, в корпусе предусмотрены отверстия для крепления</li><li>Изготовлены из стали 0,9 мм</li><li>Оснащены металлическими крючками для навешивания ключей и прозрачной дверцей</li><li>Ключевой замок</li><li>Количество крючков для ключей - 40шт.</li><li>В комплект ключниц входят пластиковые цветные брелоки, рассчитанные на количество ключей и самоклеящиеся номерки</li></ul> </div>";https://www.safe.ru/upload/iblock/95d/95d1e20f56b9bc959b951929f81a1ee0.jpg;https://yarskmebel.tmweb.ru/upload/docs/Отказное письмо Ключница KEY-40 G.pdf;502;367;40;3.9;;;;;;;;;;Другая продукция;Ключницы;Ключницы со стеклянной дверцей AIKO KEY G;3 935;RUB
1813;Ключница KEY-40 G;https://www.safe.ru/upload/iblock/683/683f2f382a11e431d26c7e3ff4781635.jpg;;html;klyuchnitsa-key-40-g;html;https://www.safe.ru/upload/iblock/f2e/f2e48d8a8db10a082a3ea1b29dcaf092.jpg;"<div class=""text-block""><p>Предназначены для упорядоченного размещения и защиты от несанкционированного использования ключей.</p><ul><li>Размещаются стационарно на стене, в корпусе предусмотрены отверстия для крепления</li><li>Изготовлены из стали 0,9 мм</li><li>Оснащены металлическими крючками для навешивания ключей и прозрачной дверцей</li><li>Ключевой замок</li><li>Количество крючков для ключей - 40шт.</li><li>В комплект ключниц входят пластиковые цветные брелоки, рассчитанные на количество ключей и самоклеящиеся номерки</li></ul> </div>";https://www.safe.ru/upload/iblock/346/346e850757d9155accd2efffbfc50b0c.jpg;https://yarskmebel.tmweb.ru/upload/docs/Отказное письмо Ключница KEY-40 G.pdf;502;367;40;3.9;;;;;;;;;;Другая продукция;Ключницы;Ключницы со стеклянной дверцей AIKO KEY G;3 935;RUB
1813;Ключница KEY-40 G;https://www.safe.ru/upload/iblock/683/683f2f382a11e431d26c7e3ff4781635.jpg;;html;klyuchnitsa-key-40-g;html;https://www.safe.ru/upload/iblock/f2e/f2e48d8a8db10a082a3ea1b29dcaf092.jpg;"<div class=""text-block""><p>Предназначены для упорядоченного размещения и защиты от несанкционированного использования ключей.</p><ul><li>Размещаются стационарно на стене, в корпусе предусмотрены отверстия для крепления</li><li>Изготовлены из стали 0,9 мм</li><li>Оснащены металлическими крючками для навешивания ключей и прозрачной дверцей</li><li>Ключевой замок</li><li>Количество крючков для ключей - 40шт.</li><li>В комплект ключниц входят пластиковые цветные брелоки, рассчитанные на количество ключей и самоклеящиеся номерки</li></ul> </div>";https://www.safe.ru/upload/iblock/683/683f2f382a11e431d26c7e3ff4781635.jpg;https://yarskmebel.tmweb.ru/upload/docs/Отказное письмо Ключница KEY-40 G.pdf;502;367;40;3.9;;;;;;;;;;Другая продукция;Ключницы;Ключницы со стеклянной дверцей AIKO KEY G;3 935;RUB
1814;Ключница KEY-50 G;https://www.safe.ru/upload/iblock/01a/01aef23196a648ca675efe1602ca97ec.jpg;;html;klyuchnitsa-key-50-g;html;https://www.safe.ru/upload/iblock/32b/32b0699c565f54072bef82028f604f9a.jpg;"<div class=""text-block""><p>Предназначены для упорядоченного размещения и защиты от несанкционированного использования ключей.</p><ul><li>Размещаются стационарно на стене, в корпусе предусмотрены отверстия для крепления</li><li>Изготовлены из стали 0,9 мм</li><li>Оснащены металлическими крючками для навешивания ключей и прозрачной дверцей</li><li>Ключевой замок</li><li>Количество крючков для ключей - 50шт.</li><li>В комплект ключниц входят пластиковые цветные брелоки, рассчитанные на количество ключей и самоклеящиеся номерки</li></ul> </div>";https://www.safe.ru/upload/iblock/01a/01aef23196a648ca675efe1602ca97ec.jpg;https://yarskmebel.tmweb.ru/upload/docs/Отказное письмо Ключница KEY-50 G.pdf;602;367;40;4.6;;;;;;;;;;Другая продукция;Ключницы;Ключницы со стеклянной дверцей AIKO KEY G;4 535;RUB
1814;Ключница KEY-50 G;https://www.safe.ru/upload/iblock/01a/01aef23196a648ca675efe1602ca97ec.jpg;;html;klyuchnitsa-key-50-g;html;https://www.safe.ru/upload/iblock/32b/32b0699c565f54072bef82028f604f9a.jpg;"<div class=""text-block""><p>Предназначены для упорядоченного размещения и защиты от несанкционированного использования ключей.</p><ul><li>Размещаются стационарно на стене, в корпусе предусмотрены отверстия для крепления</li><li>Изготовлены из стали 0,9 мм</li><li>Оснащены металлическими крючками для навешивания ключей и прозрачной дверцей</li><li>Ключевой замок</li><li>Количество крючков для ключей - 50шт.</li><li>В комплект ключниц входят пластиковые цветные брелоки, рассчитанные на количество ключей и самоклеящиеся номерки</li></ul> </div>";https://www.safe.ru/upload/iblock/71f/71f36c04ceaaefbda725c18e8c35ec16.jpg;https://yarskmebel.tmweb.ru/upload/docs/Отказное письмо Ключница KEY-50 G.pdf;602;367;40;4.6;;;;;;;;;;Другая продукция;Ключницы;Ключницы со стеклянной дверцей AIKO KEY G;4 535;RUB
1814;Ключница KEY-50 G;https://www.safe.ru/upload/iblock/01a/01aef23196a648ca675efe1602ca97ec.jpg;;html;klyuchnitsa-key-50-g;html;https://www.safe.ru/upload/iblock/32b/32b0699c565f54072bef82028f604f9a.jpg;"<div class=""text-block""><p>Предназначены для упорядоченного размещения и защиты от несанкционированного использования ключей.</p><ul><li>Размещаются стационарно на стене, в корпусе предусмотрены отверстия для крепления</li><li>Изготовлены из стали 0,9 мм</li><li>Оснащены металлическими крючками для навешивания ключей и прозрачной дверцей</li><li>Ключевой замок</li><li>Количество крючков для ключей - 50шт.</li><li>В комплект ключниц входят пластиковые цветные брелоки, рассчитанные на количество ключей и самоклеящиеся номерки</li></ul> </div>";https://www.safe.ru/upload/iblock/590/5906f544f4f4ef46aa743239a6fa2aaf.jpg;https://yarskmebel.tmweb.ru/upload/docs/Отказное письмо Ключница KEY-50 G.pdf;602;367;40;4.6;;;;;;;;;;Другая продукция;Ключницы;Ключницы со стеклянной дверцей AIKO KEY G;4 535;RUB
1814;Ключница KEY-50 G;https://www.safe.ru/upload/iblock/01a/01aef23196a648ca675efe1602ca97ec.jpg;;html;klyuchnitsa-key-50-g;html;https://www.safe.ru/upload/iblock/32b/32b0699c565f54072bef82028f604f9a.jpg;"<div class=""text-block""><p>Предназначены для упорядоченного размещения и защиты от несанкционированного использования ключей.</p><ul><li>Размещаются стационарно на стене, в корпусе предусмотрены отверстия для крепления</li><li>Изготовлены из стали 0,9 мм</li><li>Оснащены металлическими крючками для навешивания ключей и прозрачной дверцей</li><li>Ключевой замок</li><li>Количество крючков для ключей - 50шт.</li><li>В комплект ключниц входят пластиковые цветные брелоки, рассчитанные на количество ключей и самоклеящиеся номерки</li></ul> </div>";https://www.safe.ru/upload/iblock/01a/01aef23196a648ca675efe1602ca97ec.jpg;https://yarskmebel.tmweb.ru/upload/docs/Отказное письмо Ключница KEY-50 G.pdf;602;367;40;4.6;;;;;;;;;;Другая продукция;Ключницы;Ключницы со стеклянной дверцей AIKO KEY G;4 535;RUB
1815;Ключница KEY-1 FIRE;https://www.safe.ru/upload/iblock/9ba/9ba0ca2a2ecb70ef2959b35f42319773.jpg;;html;klyuchnitsa-key-1-fire;html;https://www.safe.ru/upload/iblock/611/61129dfc0463e26e618d0b25eebeb6ca.jpg;"<div class=""text-block""><p>Предназначена для хранения ключей от пожарного выхода. </p><ul><li>Размещаются стационарно на стене, в корпусе предусмотрены отверстия для крепления</li><li>Изготовлены из стали 0,9 мм</li><li>Оснащена стеклянной шторкой и молоточком</li><li>Ключевой замок</li><li>Количество крючков для ключей - 1шт.</li></ul> </div>";https://www.safe.ru/upload/iblock/9ba/9ba0ca2a2ecb70ef2959b35f42319773.jpg;https://yarskmebel.tmweb.ru/upload/docs/Отказное письмо Ключница KEY-1 FIRE.pdf;175;162;40;0.9;;;;;;;;;;Другая продукция;Ключницы;Пожарные ключницы KEY FIRE;1 295;RUB
1815;Ключница KEY-1 FIRE;https://www.safe.ru/upload/iblock/9ba/9ba0ca2a2ecb70ef2959b35f42319773.jpg;;html;klyuchnitsa-key-1-fire;html;https://www.safe.ru/upload/iblock/611/61129dfc0463e26e618d0b25eebeb6ca.jpg;"<div class=""text-block""><p>Предназначена для хранения ключей от пожарного выхода. </p><ul><li>Размещаются стационарно на стене, в корпусе предусмотрены отверстия для крепления</li><li>Изготовлены из стали 0,9 мм</li><li>Оснащена стеклянной шторкой и молоточком</li><li>Ключевой замок</li><li>Количество крючков для ключей - 1шт.</li></ul> </div>";https://www.safe.ru/upload/iblock/da1/da10141973bb339596abe559688a1138.jpg;https://yarskmebel.tmweb.ru/upload/docs/Отказное письмо Ключница KEY-1 FIRE.pdf;175;162;40;0.9;;;;;;;;;;Другая продукция;Ключницы;Пожарные ключницы KEY FIRE;1 295;RUB
1815;Ключница KEY-1 FIRE;https://www.safe.ru/upload/iblock/9ba/9ba0ca2a2ecb70ef2959b35f42319773.jpg;;html;klyuchnitsa-key-1-fire;html;https://www.safe.ru/upload/iblock/611/61129dfc0463e26e618d0b25eebeb6ca.jpg;"<div class=""text-block""><p>Предназначена для хранения ключей от пожарного выхода. </p><ul><li>Размещаются стационарно на стене, в корпусе предусмотрены отверстия для крепления</li><li>Изготовлены из стали 0,9 мм</li><li>Оснащена стеклянной шторкой и молоточком</li><li>Ключевой замок</li><li>Количество крючков для ключей - 1шт.</li></ul> </div>";https://www.safe.ru/upload/iblock/b1c/b1cf2a1422a465a246d1a6aa29a83f4a.jpg;https://yarskmebel.tmweb.ru/upload/docs/Отказное письмо Ключница KEY-1 FIRE.pdf;175;162;40;0.9;;;;;;;;;;Другая продукция;Ключницы;Пожарные ключницы KEY FIRE;1 295;RUB
1815;Ключница KEY-1 FIRE;https://www.safe.ru/upload/iblock/9ba/9ba0ca2a2ecb70ef2959b35f42319773.jpg;;html;klyuchnitsa-key-1-fire;html;https://www.safe.ru/upload/iblock/611/61129dfc0463e26e618d0b25eebeb6ca.jpg;"<div class=""text-block""><p>Предназначена для хранения ключей от пожарного выхода. </p><ul><li>Размещаются стационарно на стене, в корпусе предусмотрены отверстия для крепления</li><li>Изготовлены из стали 0,9 мм</li><li>Оснащена стеклянной шторкой и молоточком</li><li>Ключевой замок</li><li>Количество крючков для ключей - 1шт.</li></ul> </div>";https://www.safe.ru/upload/iblock/9ba/9ba0ca2a2ecb70ef2959b35f42319773.jpg;https://yarskmebel.tmweb.ru/upload/docs/Отказное письмо Ключница KEY-1 FIRE.pdf;175;162;40;0.9;;;;;;;;;;Другая продукция;Ключницы;Пожарные ключницы KEY FIRE;1 295;RUB
1816;Ключница KB-20;https://www.safe.ru/upload/resize_cache/iblock/e73/240_240_1/e732e48f760fff38b48cb6c79288eec1.jpg;;html;nastennaya-klyuchnitsa-kb-20;html;https://www.safe.ru/upload/iblock/c20/c20700186db3aaa8c8604df38b457664.jpg;"<div class=""text-block""><ul><li>предназначен для хранения ключей</li><li> корпус и дверь изготовлены из стали</li><li>в комплект входят пластиковые брелки и крепежная система</li><li>количество ключей 20 шт.</li></ul> </div>";https://www.safe.ru/upload/iblock/e73/e732e48f760fff38b48cb6c79288eec1.jpg;https://yarskmebel.tmweb.ru/upload/docs/Сертификат соответствия Ключница KB-20.pdf;250;180;80;1,4;ключевой;светло-серый;защитное фосфатное;;Shuhra;Тайвань;20;;;Другая продукция;Ключницы;Ключницы Тайвань;1 295;RUB
1817;Ключница KB-50;https://www.safe.ru/upload/resize_cache/iblock/e5c/240_240_1/e5c773fadce03b3e4895c3e52f6679d9.jpg;;html;nastennaya-klyuchnitsa-kb-50;html;https://www.safe.ru/upload/iblock/e34/e3441fc3d27fe7da5dd802a92cc3640b.jpg;"<div class=""text-block""><ul><li>предназначен для хранения ключей</li><li>корпус и дверь изготовлены из стали</li><li> в комплект входят пластиковые брелки и крепежная система</li><li> количество ключей 50 шт.</li></ul> </div>";https://www.safe.ru/upload/iblock/e5c/e5c773fadce03b3e4895c3e52f6679d9.jpg;https://yarskmebel.tmweb.ru/upload/docs/Сертификат соответствия Ключница KB-50.pdf;300;230;90;2,3;ключевой;светло-серый;защитное фосфатное;;Shuhra;Тайвань;;;;Другая продукция;Ключницы;Ключницы Тайвань;1 950;RUB
1818;Ключница KB-70;https://www.safe.ru/upload/resize_cache/iblock/d51/240_240_1/d51bc7ecd36f52e07ee1c220cdc5ede6.jpg;;html;nastennaya-klyuchnitsa-kb-70;html;https://www.safe.ru/upload/iblock/2e8/2e8ca870f39affd5b760a9377fda11dd.jpg;"<div class=""text-block""><ul><li>предназначен для хранения ключей</li><li>корпус и дверь изготовлены из стали</li><li> в комплект входят пластиковые брелки и крепежная система</li><li> количество ключей 70 шт.</li></ul> </div>";https://www.safe.ru/upload/iblock/d51/d51bc7ecd36f52e07ee1c220cdc5ede6.jpg;https://yarskmebel.tmweb.ru/upload/docs/Сертификат соответствия Ключница KB-70.pdf;300;230;90;3;ключевой;светло-серый;защитное фосфатное;;Shuhra;Тайвань;;;;Другая продукция;Ключницы;Ключницы Тайвань;2 559;RUB
1819;Ключница KB-120;https://www.safe.ru/upload/resize_cache/iblock/620/240_240_1/6207f3766e1f38eb98f181d9a521dc90.jpg;;html;nastennaya-klyuchnitsa-kb-120;html;https://www.safe.ru/upload/iblock/420/4201d0873b3828a2e5eebbe128bcebd9.jpg;"<div class=""text-block""><ul><li>предназначен для хранения ключей</li><li>корпус и дверь изготовлены из стали</li><li> в комплект входят пластиковые брелки и крепежная система</li><li> количество ключей 120 шт.</li></ul> </div>";https://www.safe.ru/upload/iblock/620/6207f3766e1f38eb98f181d9a521dc90.jpg;https://yarskmebel.tmweb.ru/upload/docs/Сертификат соответствия Ключница KB-120.pdf;360;250;110;4,2;ключевой;светло-серый;защитное фосфатное;;Shuhra;Тайвань;120;;;Другая продукция;Ключницы;Ключницы Тайвань;2 950;RUB
1820;Многоквартирные почтовые ящики ПРАКТИК PB-4C KL;https://www.safe.ru/upload/resize_cache/iblock/06a/240_240_1/06a33233e1d61bcd5f1fb22ad5750564.jpg;;html;pochtovyy-yashchik-praktik-pb-4;html;https://www.safe.ru/upload/iblock/fba/fba1d45a0f521bec236b1587c7fbf446.jpg;"<div class=""text-block""><p>Предназначены для приема и временного хранения корреспонденции. Устанавливаются в подъездах многоквартирных жилых домов</p><ul><li> многосекционная конструкция изготовлена из стали 0,5 мм</li><li> каждая секция имеет дверцу, запирающуюся индивидуальным ключевым замком ПРАКТИК (2 ключа в комплекте)</li><li> современный внешний вид, удобны в монтаже и эксплуатации</li><li>конструкция позволяет с легкостью произвести замену или ремонт отдельной дверцы</li><li> поставляются в собранном виде</li></ul> </div>";https://www.safe.ru/upload/iblock/06a/06a33233e1d61bcd5f1fb22ad5750564.jpg;https://yarskmebel.tmweb.ru/upload/docs/Сертификат соответствия Ростест Многоквартирные почтовые ящики ПРАКТИК PB-4C KL.pdf;433/545;390;203;3.44;ключевой;cерый полуматовый (RAL 7038);порошковое;1 год;ПРОМЕТ;Россия;;4;;Другая продукция;Почтовые ящики;Почтовые ящики ПРАКТИК;2 055;RUB
1820;Многоквартирные почтовые ящики ПРАКТИК PB-4C KL;https://www.safe.ru/upload/resize_cache/iblock/06a/240_240_1/06a33233e1d61bcd5f1fb22ad5750564.jpg;;html;pochtovyy-yashchik-praktik-pb-4;html;https://www.safe.ru/upload/iblock/fba/fba1d45a0f521bec236b1587c7fbf446.jpg;"<div class=""text-block""><p>Предназначены для приема и временного хранения корреспонденции. Устанавливаются в подъездах многоквартирных жилых домов</p><ul><li> многосекционная конструкция изготовлена из стали 0,5 мм</li><li> каждая секция имеет дверцу, запирающуюся индивидуальным ключевым замком ПРАКТИК (2 ключа в комплекте)</li><li> современный внешний вид, удобны в монтаже и эксплуатации</li><li>конструкция позволяет с легкостью произвести замену или ремонт отдельной дверцы</li><li> поставляются в собранном виде</li></ul> </div>";https://www.safe.ru/upload/iblock/06a/06a33233e1d61bcd5f1fb22ad5750564.jpg;https://yarskmebel.tmweb.ru/upload/docs/Декларация о соответствии: Техническому регламенту Таможенного союза. «О безопасности мебельной продукции ТР ТС 025/2012» Многоквартирные почтовые ящики ПРАКТИК PB-4C KL.pdf;433/545;390;203;3.44;ключевой;cерый полуматовый (RAL 7038);порошковое;1 год;ПРОМЕТ;Россия;;4;;Другая продукция;Почтовые ящики;Почтовые ящики ПРАКТИК;2 055;RUB
1821;Многоквартирные почтовые ящики ПРАКТИК PB-5C KL;https://www.safe.ru/upload/resize_cache/iblock/ee1/240_240_1/ee1e2e43d9aab8c4bdb5c12ed5952599.jpg;;html;pochtovyy-yashchik-praktik-pb-5;html;https://www.safe.ru/upload/iblock/b0e/b0ed7bfdefb8e8a7cd05f9558ce7891e.jpg;"<div class=""text-block""><p>Предназначены для приема и временного хранения корреспонденции. Устанавливаются в подъездах многоквартирных жилых домов</p><ul><li> многосекционная конструкция изготовлена из стали 0,5 мм</li><li> каждая секция имеет дверцу, запирающуюся индивидуальным ключевым замком ПРАКТИК (2 ключа в комплекте)</li><li> современный внешний вид, удобны в монтаже и эксплуатации</li><li>конструкция позволяет с легкостью произвести замену или ремонт отдельной дверцы</li><li> поставляются в собранном виде</li></ul> </div>";https://www.safe.ru/upload/iblock/ee1/ee1e2e43d9aab8c4bdb5c12ed5952599.jpg;https://yarskmebel.tmweb.ru/upload/docs/Сертификат соответствия Ростест Многоквартирные почтовые ящики ПРАКТИК PB-5C KL.pdf;533/645;390;200;4.33;ключевой;серый полуматовый (RAL 7038);порошковое;1 год;ПРОМЕТ;Россия;;5;;Другая продукция;Почтовые ящики;Почтовые ящики ПРАКТИК;2 445;RUB
1821;Многоквартирные почтовые ящики ПРАКТИК PB-5C KL;https://www.safe.ru/upload/resize_cache/iblock/ee1/240_240_1/ee1e2e43d9aab8c4bdb5c12ed5952599.jpg;;html;pochtovyy-yashchik-praktik-pb-5;html;https://www.safe.ru/upload/iblock/b0e/b0ed7bfdefb8e8a7cd05f9558ce7891e.jpg;"<div class=""text-block""><p>Предназначены для приема и временного хранения корреспонденции. Устанавливаются в подъездах многоквартирных жилых домов</p><ul><li> многосекционная конструкция изготовлена из стали 0,5 мм</li><li> каждая секция имеет дверцу, запирающуюся индивидуальным ключевым замком ПРАКТИК (2 ключа в комплекте)</li><li> современный внешний вид, удобны в монтаже и эксплуатации</li><li>конструкция позволяет с легкостью произвести замену или ремонт отдельной дверцы</li><li> поставляются в собранном виде</li></ul> </div>";https://www.safe.ru/upload/iblock/ee1/ee1e2e43d9aab8c4bdb5c12ed5952599.jpg;https://yarskmebel.tmweb.ru/upload/docs/Декларация о соответствии: Техническому регламенту Таможенного союза. «О безопасности мебельной продукции ТР ТС 025/2012» Многоквартирные почтовые ящики ПРАКТИК PB-5C KL.pdf;533/645;390;200;4.33;ключевой;серый полуматовый (RAL 7038);порошковое;1 год;ПРОМЕТ;Россия;;5;;Другая продукция;Почтовые ящики;Почтовые ящики ПРАКТИК;2 445;RUB
1822;Многоквартирные почтовые ящики ПРАКТИК PB-6C KL;https://www.safe.ru/upload/resize_cache/iblock/138/240_240_1/13881f994d74c8847656778a0e389cbf.jpg;;html;pochtovyy-yashchik-praktik-pb-6;html;https://www.safe.ru/upload/iblock/2f0/2f04d392174d2d5f0d097c7d6758edd0.jpg;"<div class=""text-block""><p>Предназначены для приема и временного хранения корреспонденции. Устанавливаются в подъездах многоквартирных жилых домов</p><ul><li> многосекционная конструкция изготовлена из стали 0,5 мм</li><li> каждая секция имеет дверцу, запирающуюся индивидуальным ключевым замком ПРАКТИК (2 ключа в комплекте)</li><li> современный внешний вид, удобны в монтаже и эксплуатации</li><li>конструкция позволяет с легкостью произвести замену или ремонт отдельной дверцы</li><li> поставляются в собранном виде</li></ul> </div>";https://www.safe.ru/upload/iblock/138/13881f994d74c8847656778a0e389cbf.jpg;https://yarskmebel.tmweb.ru/upload/docs/Сертификат соответствия Ростест Многоквартирные почтовые ящики ПРАКТИК PB-6C KL.pdf;633/745;390;200;4.9;ключевой;cерый полуматовый (RAL 7038);порошковое;1 год;ПРОМЕТ;Россия;;6;;Другая продукция;Почтовые ящики;Почтовые ящики ПРАКТИК;2 825;RUB
1822;Многоквартирные почтовые ящики ПРАКТИК PB-6C KL;https://www.safe.ru/upload/resize_cache/iblock/138/240_240_1/13881f994d74c8847656778a0e389cbf.jpg;;html;pochtovyy-yashchik-praktik-pb-6;html;https://www.safe.ru/upload/iblock/2f0/2f04d392174d2d5f0d097c7d6758edd0.jpg;"<div class=""text-block""><p>Предназначены для приема и временного хранения корреспонденции. Устанавливаются в подъездах многоквартирных жилых домов</p><ul><li> многосекционная конструкция изготовлена из стали 0,5 мм</li><li> каждая секция имеет дверцу, запирающуюся индивидуальным ключевым замком ПРАКТИК (2 ключа в комплекте)</li><li> современный внешний вид, удобны в монтаже и эксплуатации</li><li>конструкция позволяет с легкостью произвести замену или ремонт отдельной дверцы</li><li> поставляются в собранном виде</li></ul> </div>";https://www.safe.ru/upload/iblock/138/13881f994d74c8847656778a0e389cbf.jpg;https://yarskmebel.tmweb.ru/upload/docs/Техническому регламенту Таможенного союза. «О безопасности мебельной продукции ТР ТС 025/2012» Многоквартирные почтовые ящики ПРАКТИК PB-6C KL.pdf;633/745;390;200;4.9;ключевой;cерый полуматовый (RAL 7038);порошковое;1 год;ПРОМЕТ;Россия;;6;;Другая продукция;Почтовые ящики;Почтовые ящики ПРАКТИК;2 825;RUB
1823;Многоквартирные почтовые ящики ПРАКТИК PB-8C KL;https://www.safe.ru/upload/resize_cache/iblock/f1b/240_240_1/f1bd69a91c6d982f011f602bb0c1a544.jpg;;html;pochtovyy-yashchik-praktik-pb-8;html;https://www.safe.ru/upload/iblock/6cd/6cda5e4735e543d433ef50b5db1e7207.jpg;"<div class=""text-block""><p>Предназначены для приема и временного хранения корреспонденции. Устанавливаются в подъездах многоквартирных жилых домов</p><ul><li> многосекционная конструкция изготовлена из стали 0,5 мм</li><li> каждая секция имеет дверцу, запирающуюся индивидуальным ключевым замком ПРАКТИК (2 ключа в комплекте)</li><li> современный внешний вид, удобны в монтаже и эксплуатации</li><li>конструкция позволяет с легкостью произвести замену или ремонт отдельной дверцы</li><li> поставляются в собранном виде</li></ul> </div>";https://www.safe.ru/upload/iblock/f1b/f1bd69a91c6d982f011f602bb0c1a544.jpg;https://yarskmebel.tmweb.ru/upload/docs/Сертификат соответствия Ростест Многоквартирные почтовые ящики ПРАКТИК PB-8C KL.pdf;833/945;390;203;6.51;ключевой;серый полуматовый (RAL 7038);порошковое;1 год;ПРОМЕТ;Россия;;8;;Другая продукция;Почтовые ящики;Почтовые ящики ПРАКТИК;3 525;RUB
1823;Многоквартирные почтовые ящики ПРАКТИК PB-8C KL;https://www.safe.ru/upload/resize_cache/iblock/f1b/240_240_1/f1bd69a91c6d982f011f602bb0c1a544.jpg;;html;pochtovyy-yashchik-praktik-pb-8;html;https://www.safe.ru/upload/iblock/6cd/6cda5e4735e543d433ef50b5db1e7207.jpg;"<div class=""text-block""><p>Предназначены для приема и временного хранения корреспонденции. Устанавливаются в подъездах многоквартирных жилых домов</p><ul><li> многосекционная конструкция изготовлена из стали 0,5 мм</li><li> каждая секция имеет дверцу, запирающуюся индивидуальным ключевым замком ПРАКТИК (2 ключа в комплекте)</li><li> современный внешний вид, удобны в монтаже и эксплуатации</li><li>конструкция позволяет с легкостью произвести замену или ремонт отдельной дверцы</li><li> поставляются в собранном виде</li></ul> </div>";https://www.safe.ru/upload/iblock/f1b/f1bd69a91c6d982f011f602bb0c1a544.jpg;https://yarskmebel.tmweb.ru/upload/docs/Декларация о соответствии: Техническому регламенту Таможенного союза. «О безопасности мебельной продукции ТР ТС 025/2012» Многоквартирные почтовые ящики ПРАКТИК PB-8C KL.pdf;833/945;390;203;6.51;ключевой;серый полуматовый (RAL 7038);порошковое;1 год;ПРОМЕТ;Россия;;8;;Другая продукция;Почтовые ящики;Почтовые ящики ПРАКТИК;3 525;RUB
1824;Замок почтовый;https://www.safe.ru/upload/resize_cache/iblock/372/240_240_1/372ec5b666d47cfb1277278dfd19c67c.jpg;;html;zamok-pochtovyy;html;https://www.safe.ru/upload/iblock/849/84907b4576b9da929eefa884b6667d72.jpg;;https://www.safe.ru/upload/iblock/372/372ec5b666d47cfb1277278dfd19c67c.jpg;;;;;;;;;;;;;;;Другая продукция;Почтовые ящики;Почтовые ящики ПРАКТИК;85;RUB
1825;Почтовый ящик PB-4C.KL BW;https://www.safe.ru/upload/resize_cache/iblock/ed0/240_240_1/yaschik_PB_BW_4_min.jpg;;html;pochtovyy-yashchik-pb-4c-kl-bw;html;https://www.safe.ru/upload/iblock/6f2/yaschik_PB_BW_4_big.jpg;"<div class=""text-block""><p>Предназначены для приема и временного хранения корреспонденции. Устанавливаются в подъездах многоквартирных жилых домов</p><ul><li>сварная конструкция изготовлена из стали 0,5 мм</li><li>задняя стенка, исключает возможности потерь содержимого из секций</li><li>каждая секция имеет дверцу, запирающуюся индивидуальным ключевым замком ПРАКТИК (2 ключа в комплекте)</li><li>современный внешний вид, удобны в монтаже и эксплуатации</li><li>конструкция позволяет с легкостью произвести замену или ремонт отдельной дверцы</li><li>поставляются в собранном виде</li></ul> </div>";https://www.safe.ru/upload/iblock/ed0/yaschik_PB_BW_4_min.jpg;https://yarskmebel.tmweb.ru/upload/docs/Сертификат соответствия Ростест Почтовый ящик PB-4C.KL BW.pdf;415/595;381;190;5.37;ключевой;cерый полуматовый (RAL 7038);порошковое;1 год;ПРОМЕТ;Россия;;4;90х380/366х185;Другая продукция;Почтовые ящики;Практик PB BW;2 405;RUB
1825;Почтовый ящик PB-4C.KL BW;https://www.safe.ru/upload/resize_cache/iblock/ed0/240_240_1/yaschik_PB_BW_4_min.jpg;;html;pochtovyy-yashchik-pb-4c-kl-bw;html;https://www.safe.ru/upload/iblock/6f2/yaschik_PB_BW_4_big.jpg;"<div class=""text-block""><p>Предназначены для приема и временного хранения корреспонденции. Устанавливаются в подъездах многоквартирных жилых домов</p><ul><li>сварная конструкция изготовлена из стали 0,5 мм</li><li>задняя стенка, исключает возможности потерь содержимого из секций</li><li>каждая секция имеет дверцу, запирающуюся индивидуальным ключевым замком ПРАКТИК (2 ключа в комплекте)</li><li>современный внешний вид, удобны в монтаже и эксплуатации</li><li>конструкция позволяет с легкостью произвести замену или ремонт отдельной дверцы</li><li>поставляются в собранном виде</li></ul> </div>";https://www.safe.ru/upload/iblock/ed0/yaschik_PB_BW_4_min.jpg;https://yarskmebel.tmweb.ru/upload/docs/Декларация о соответствии: Техническому регламенту Таможенного союза. «О безопасности мебельной продукции ТР ТС 025/2012» Почтовый ящик PB-4C.KL BW.pdf;415/595;381;190;5.37;ключевой;cерый полуматовый (RAL 7038);порошковое;1 год;ПРОМЕТ;Россия;;4;90х380/366х185;Другая продукция;Почтовые ящики;Практик PB BW;2 405;RUB
1826;Почтовый ящик LT-02 BLACK;https://www.safe.ru/upload/resize_cache/iblock/e30/240_240_1/e306747f97b843fd6c5c00dea4c5891a.jpg;;html;pochtovyy-yashchik-lt-02-black;html;https://www.safe.ru/upload/iblock/048/048d97309343726df9467bbcebc51a1c.jpg;"<div class=""text-block""><ul><br/><li>корпус и дверь изготовлены из стали</li><br/><li> комплектуются ключевым замком</li><br/></ul> </div>";https://www.safe.ru/upload/iblock/e30/e306747f97b843fd6c5c00dea4c5891a.jpg;;350;290;120;2,6;ключевой;черный;защитное фосфатное;;Shuhra;Тайвань;;;;Другая продукция;Почтовые ящики;Почтовые ящики Тайвань;990;RUB
1827;Почтовый ящик PB-5C.KL BW;https://www.safe.ru/upload/resize_cache/iblock/209/240_240_1/yaschik_PB_BW_5_min.jpg;;html;pochtovyy-yashchik-pb-5c-kl-bw;html;https://www.safe.ru/upload/iblock/2fc/yaschik_PB_BW_5_big.jpg;"<div class=""text-block""><p>Предназначены для приема и временного хранения корреспонденции. Устанавливаются в подъездах многоквартирных жилых домов</p><ul><li>сварная конструкция изготовлена из стали 0,5 мм</li><li>задняя стенка, исключает возможности потерь содержимого из секций</li><li>каждая секция имеет дверцу, запирающуюся индивидуальным ключевым замком ПРАКТИК (2 ключа в комплекте)</li><li>современный внешний вид, удобны в монтаже и эксплуатации</li><li>конструкция позволяет с легкостью произвести замену или ремонт отдельной дверцы</li><li>поставляются в собранном виде</li></ul> </div>";https://www.safe.ru/upload/iblock/209/yaschik_PB_BW_5_min.jpg;https://yarskmebel.tmweb.ru/upload/docs/Сертификат соответствия Ростест Почтовый ящик PB-5C.KL BW.pdf;505/585;381;190;5.95;ключевой;cерый полуматовый (RAL 7038);порошковое;1 год;ПРОМЕТ;Россия;;5;90х380/366х185;Другая продукция;Почтовые ящики;Практик PB BW;2 855;RUB
1827;Почтовый ящик PB-5C.KL BW;https://www.safe.ru/upload/resize_cache/iblock/209/240_240_1/yaschik_PB_BW_5_min.jpg;;html;pochtovyy-yashchik-pb-5c-kl-bw;html;https://www.safe.ru/upload/iblock/2fc/yaschik_PB_BW_5_big.jpg;"<div class=""text-block""><p>Предназначены для приема и временного хранения корреспонденции. Устанавливаются в подъездах многоквартирных жилых домов</p><ul><li>сварная конструкция изготовлена из стали 0,5 мм</li><li>задняя стенка, исключает возможности потерь содержимого из секций</li><li>каждая секция имеет дверцу, запирающуюся индивидуальным ключевым замком ПРАКТИК (2 ключа в комплекте)</li><li>современный внешний вид, удобны в монтаже и эксплуатации</li><li>конструкция позволяет с легкостью произвести замену или ремонт отдельной дверцы</li><li>поставляются в собранном виде</li></ul> </div>";https://www.safe.ru/upload/iblock/209/yaschik_PB_BW_5_min.jpg;https://yarskmebel.tmweb.ru/upload/docs/Декларация о соответствии: Техническому регламенту Таможенного союза. «О безопасности мебельной продукции ТР ТС 025/2012» Почтовый ящик PB-5C.KL BW.pdf;505/585;381;190;5.95;ключевой;cерый полуматовый (RAL 7038);порошковое;1 год;ПРОМЕТ;Россия;;5;90х380/366х185;Другая продукция;Почтовые ящики;Практик PB BW;2 855;RUB
1828;Почтовый ящик LT-01 GREEN;https://www.safe.ru/upload/resize_cache/iblock/721/240_240_1/7213977b99305a36d02b8bd2684e22df.jpg;;html;pochtovyy-yashchik-lt-01-green;html;https://www.safe.ru/upload/iblock/12a/12a8d31faa29409abcda6574b7a4ee4f.jpg;"<div class=""text-block""><ul><li>корпус и дверь изготовлены из стали</li><li> комплектуются ключевым замком</li></ul> </div>";https://www.safe.ru/upload/iblock/721/7213977b99305a36d02b8bd2684e22df.jpg;;320;260;120;2,3;ключевой;;защитное фосфатное;;Shuhra;Тайвань;;;;Другая продукция;Почтовые ящики;Почтовые ящики Тайвань;990;RUB
1829;Почтовый ящик PB-6C.KL BW;https://www.safe.ru/upload/resize_cache/iblock/f20/240_240_1/yaschik_PB_BW_6_min.jpg;;html;pochtovyy-yashchik-pb-6c-kl-bw;html;https://www.safe.ru/upload/iblock/06f/yaschik_PB_BW_6_big.jpg;"<div class=""text-block""><p>Предназначены для приема и временного хранения корреспонденции. Устанавливаются в подъездах многоквартирных жилых домов</p><ul><li>сварная конструкция изготовлена из стали 0,5 мм</li><li>задняя стенка, исключает возможности потерь содержимого из секций</li><li>каждая секция имеет дверцу, запирающуюся индивидуальным ключевым замком ПРАКТИК (2 ключа в комплекте)</li><li>современный внешний вид, удобны в монтаже и эксплуатации</li><li>конструкция позволяет с легкостью произвести замену или ремонт отдельной дверцы</li><li>поставляются в собранном виде</li></ul> </div>";https://www.safe.ru/upload/iblock/f20/yaschik_PB_BW_6_min.jpg;https://yarskmebel.tmweb.ru/upload/docs/Сертификат соответствия Ростест Почтовый ящик PB-6C.KL BW.pdf;595/675;381;190;6.58;ключевой;cерый полуматовый (RAL 7038);порошковое;1 год;ПРОМЕТ;Россия;;6;90х380/366х185;Другая продукция;Почтовые ящики;Практик PB BW;3 315;RUB
1829;Почтовый ящик PB-6C.KL BW;https://www.safe.ru/upload/resize_cache/iblock/f20/240_240_1/yaschik_PB_BW_6_min.jpg;;html;pochtovyy-yashchik-pb-6c-kl-bw;html;https://www.safe.ru/upload/iblock/06f/yaschik_PB_BW_6_big.jpg;"<div class=""text-block""><p>Предназначены для приема и временного хранения корреспонденции. Устанавливаются в подъездах многоквартирных жилых домов</p><ul><li>сварная конструкция изготовлена из стали 0,5 мм</li><li>задняя стенка, исключает возможности потерь содержимого из секций</li><li>каждая секция имеет дверцу, запирающуюся индивидуальным ключевым замком ПРАКТИК (2 ключа в комплекте)</li><li>современный внешний вид, удобны в монтаже и эксплуатации</li><li>конструкция позволяет с легкостью произвести замену или ремонт отдельной дверцы</li><li>поставляются в собранном виде</li></ul> </div>";https://www.safe.ru/upload/iblock/f20/yaschik_PB_BW_6_min.jpg;https://yarskmebel.tmweb.ru/upload/docs/Декларация о соответствии: Техническому регламенту Таможенного союза. «О безопасности мебельной продукции ТР ТС 025/2012» Почтовый ящик PB-6C.KL BW.pdf;595/675;381;190;6.58;ключевой;cерый полуматовый (RAL 7038);порошковое;1 год;ПРОМЕТ;Россия;;6;90х380/366х185;Другая продукция;Почтовые ящики;Практик PB BW;3 315;RUB
1830;Почтовый ящик LTP-03 WHITE;https://www.safe.ru/upload/resize_cache/iblock/850/240_240_1/850bc0878de6ddf7340e4c381c7cdf1d.jpg;;html;pochtovyy-yashchik-ltp-03-white;html;https://www.safe.ru/upload/iblock/f5a/f5ae2d1e340b7ba1049135352bab10f5.jpg;"<div class=""text-block""><ul><li>корпус и дверь изготовлены из пластика</li>комплектуются ключевым замком</ul> </div>";https://www.safe.ru/upload/iblock/850/850bc0878de6ddf7340e4c381c7cdf1d.jpg;;411;271;105;1,6;ключевой;белый;;;Shuhra;Тайвань;;;;Другая продукция;Почтовые ящики;Почтовые ящики Тайвань;990;RUB
1831;Почтовый ящик PB-7C.KL BW;https://www.safe.ru/upload/resize_cache/iblock/8dc/240_240_1/yaschik_PB_BW_7_min.jpg;;html;pochtovyy-yashchik-pb-7c-kl-bw;html;https://www.safe.ru/upload/iblock/338/yaschik_PB_BW_7_big.jpg;"<div class=""text-block""><p>Предназначены для приема и временного хранения корреспонденции. Устанавливаются в подъездах многоквартирных жилых домов</p><ul><li>сварная конструкция изготовлена из стали 0,5 мм</li><li>задняя стенка, исключает возможности потерь содержимого из секций</li><li>каждая секция имеет дверцу, запирающуюся индивидуальным ключевым замком ПРАКТИК (2 ключа в комплекте)</li><li>современный внешний вид, удобны в монтаже и эксплуатации</li><li>конструкция позволяет с легкостью произвести замену или ремонт отдельной дверцы</li><li>поставляются в собранном виде</li></ul> </div>";https://www.safe.ru/upload/iblock/8dc/yaschik_PB_BW_7_min.jpg;https://yarskmebel.tmweb.ru/upload/docs/Сертификат соответствия Ростест Почтовый ящик PB-7C.KL BW.pdf;685/765;381;190;7.19;ключевой;cерый полуматовый (RAL 7038);порошковое;1 год;ПРОМЕТ;Россия;;7;90х380/366х185;Другая продукция;Почтовые ящики;Практик PB BW;3 735;RUB
1831;Почтовый ящик PB-7C.KL BW;https://www.safe.ru/upload/resize_cache/iblock/8dc/240_240_1/yaschik_PB_BW_7_min.jpg;;html;pochtovyy-yashchik-pb-7c-kl-bw;html;https://www.safe.ru/upload/iblock/338/yaschik_PB_BW_7_big.jpg;"<div class=""text-block""><p>Предназначены для приема и временного хранения корреспонденции. Устанавливаются в подъездах многоквартирных жилых домов</p><ul><li>сварная конструкция изготовлена из стали 0,5 мм</li><li>задняя стенка, исключает возможности потерь содержимого из секций</li><li>каждая секция имеет дверцу, запирающуюся индивидуальным ключевым замком ПРАКТИК (2 ключа в комплекте)</li><li>современный внешний вид, удобны в монтаже и эксплуатации</li><li>конструкция позволяет с легкостью произвести замену или ремонт отдельной дверцы</li><li>поставляются в собранном виде</li></ul> </div>";https://www.safe.ru/upload/iblock/8dc/yaschik_PB_BW_7_min.jpg;https://yarskmebel.tmweb.ru/upload/docs/Декларация о соответствии: Техническому регламенту Таможенного союза. «О безопасности мебельной продукции ТР ТС 025/2012» Почтовый ящик PB-7C.KL BW.pdf;685/765;381;190;7.19;ключевой;cерый полуматовый (RAL 7038);порошковое;1 год;ПРОМЕТ;Россия;;7;90х380/366х185;Другая продукция;Почтовые ящики;Практик PB BW;3 735;RUB
1832;Почтовый ящик LTP-02 BROWN;https://www.safe.ru/upload/resize_cache/iblock/feb/240_240_1/febb1f43b8e235a6f6fda2503329d004.jpg;;html;pochtovyy-yashchik-ltp-02-brown;html;https://www.safe.ru/upload/iblock/ed7/ed7c89e4f3f8c67e95df491607b0600b.jpg;"<div class=""text-block""><ul><li>корпус и дверь изготовлены из пластика</li><li> комплектуются ключевым замком</li></ul> </div>";https://www.safe.ru/upload/iblock/feb/febb1f43b8e235a6f6fda2503329d004.jpg;;383;272;113;1,6;ключевой;коричневый;;;Shuhra;Тайвань;;;;Другая продукция;Почтовые ящики;Почтовые ящики Тайвань;990;RUB
1833;Почтовый ящик PB-8C.KL BW;https://www.safe.ru/upload/resize_cache/iblock/f9f/240_240_1/yaschik_PB_BW_8_min.jpg;;html;pochtovyy-yashchik-pb-8c-kl-bw;html;https://www.safe.ru/upload/iblock/067/yaschik_PB_BW_8_big.jpg;"<div class=""text-block""><p>Предназначены для приема и временного хранения корреспонденции. Устанавливаются в подъездах многоквартирных жилых домов</p><ul><li>сварная конструкция изготовлена из стали 0,5 мм</li><li>задняя стенка, исключает возможности потерь содержимого из секций</li><li>каждая секция имеет дверцу, запирающуюся индивидуальным ключевым замком ПРАКТИК (2 ключа в комплекте)</li><li>современный внешний вид, удобны в монтаже и эксплуатации</li><li>конструкция позволяет с легкостью произвести замену или ремонт отдельной дверцы</li><li>поставляются в собранном виде</li></ul> </div>";https://www.safe.ru/upload/iblock/f9f/yaschik_PB_BW_8_min.jpg;https://yarskmebel.tmweb.ru/upload/docs/Сертификат соответствия Ростест Почтовый ящик PB-8C.KL BW.pdf;775/855;381;190;7.80;ключевой;cерый полуматовый (RAL 7038);порошковое;1 год;ПРОМЕТ;Россия;;8;90х380/366х185;Другая продукция;Почтовые ящики;Практик PB BW;4 155;RUB
1833;Почтовый ящик PB-8C.KL BW;https://www.safe.ru/upload/resize_cache/iblock/f9f/240_240_1/yaschik_PB_BW_8_min.jpg;;html;pochtovyy-yashchik-pb-8c-kl-bw;html;https://www.safe.ru/upload/iblock/067/yaschik_PB_BW_8_big.jpg;"<div class=""text-block""><p>Предназначены для приема и временного хранения корреспонденции. Устанавливаются в подъездах многоквартирных жилых домов</p><ul><li>сварная конструкция изготовлена из стали 0,5 мм</li><li>задняя стенка, исключает возможности потерь содержимого из секций</li><li>каждая секция имеет дверцу, запирающуюся индивидуальным ключевым замком ПРАКТИК (2 ключа в комплекте)</li><li>современный внешний вид, удобны в монтаже и эксплуатации</li><li>конструкция позволяет с легкостью произвести замену или ремонт отдельной дверцы</li><li>поставляются в собранном виде</li></ul> </div>";https://www.safe.ru/upload/iblock/f9f/yaschik_PB_BW_8_min.jpg;https://yarskmebel.tmweb.ru/upload/docs/Декларация о соответствии: Техническому регламенту Таможенного союза. «О безопасности мебельной продукции ТР ТС 025/2012» Почтовый ящик PB-8C.KL BW.pdf;775/855;381;190;7.80;ключевой;cерый полуматовый (RAL 7038);порошковое;1 год;ПРОМЕТ;Россия;;8;90х380/366х185;Другая продукция;Почтовые ящики;Практик PB BW;4 155;RUB
1834;Почтовый ящик LTP-01 GREEN;https://www.safe.ru/upload/resize_cache/iblock/4a3/240_240_1/4a3caa11298616a7ac4b65bafa31a8ba.jpg;;html;pochtovyy-yashchik-ltp-01-green;html;https://www.safe.ru/upload/iblock/de8/de85fa3351042cdf396daeb5beb8da4e.jpg;"<div class=""text-block""><ul><li>корпус и дверь изготовлены из пластика</li><li>комплектуются ключевым замком</li></ul> </div>";https://www.safe.ru/upload/iblock/4a3/4a3caa11298616a7ac4b65bafa31a8ba.jpg;;345;240;105;1,2;ключевой;зеленый;;;;Тайвань;;;;Другая продукция;Почтовые ящики;Почтовые ящики Тайвань;990;RUB
